rank,youtuber,subscribers,video views,title,uploads,country,channel_type,country_rank,channel_type_rank,video_views_for_the_last_30_days,lowest_yearly_earnings,highest_yearly_earnings,subscribers_for_last_30_days,created_year,created_month
1,T-Series,245000000,228000000000.0,T-Series,20082,India,Music,1.0,1.0,2258000000.0,6800000.0,108400000.0,2000000.0,2006.0,Mar
3,MrBeast,166000000,28368841870.0,MrBeast,741,United States,Entertainment,1.0,1.0,1348000000.0,4000000.0,64700000.0,8000000.0,2012.0,Feb
4,Cocomelon - Nursery Rhymes,162000000,164000000000.0,Cocomelon - Nursery Rhymes,966,United States,Education,2.0,1.0,1975000000.0,5900000.0,94800000.0,1000000.0,2006.0,Sep
5,SET India,159000000,148000000000.0,SET India,116536,India,Entertainment,2.0,2.0,1824000000.0,5500000.0,87500000.0,1000000.0,2006.0,Sep
9,Like Nastya,106000000,90479060027.0,Like Nastya Vlog,493,Russia,People,5.0,25.0,48947000.0,146800.0,2300000.0,100000.0,2016.0,Jan
10,Vlad and Niki,98900000,77180169894.0,Vlad and Niki,574,United States,Entertainment,5.0,6.0,580574000.0,1700000.0,27900000.0,600000.0,2018.0,Apr
11,Zee Music Company,96700000,57856289381.0,Zee Music Company,8548,India,Music,3.0,2.0,803613000.0,2400000.0,38600000.0,1100000.0,2014.0,Mar
12,WWE,96000000,77428473662.0,WWE,70127,United States,Sports,6.0,1.0,714614000.0,2100000.0,34300000.0,600000.0,2007.0,May
14,BLACKPINK,89800000,32144597566.0,BLACKPINK,543,South Korea,Music,1.0,3.0,498930000.0,1500000.0,23900000.0,700000.0,2016.0,Jun
16,Sony SAB,83000000,101000000000.0,Sony SAB,71270,India,Entertainment,5.0,7.0,1657000000.0,5000000.0,79600000.0,1100000.0,2007.0,Aug
18,BANGTANTV,75600000,20826993957.0,BANGTANTV,2281,South Korea,Music,2.0,4.0,168290000.0,504900.0,8100000.0,400000.0,2012.0,Dec
20,Justin Bieber,71600000,30608119724.0,Justin Bieber,249,Canada,Music,1.0,6.0,176326000.0,529000.0,8500000.0,100000.0,2007.0,Jan
21,HYBE LABELS,71300000,28634566938.0,HYBE LABELS,1337,South Korea,Music,3.0,5.0,598173000.0,1800000.0,28700000.0,900000.0,2008.0,Jun
22,Zee TV,70500000,73139054467.0,Zee TV,129204,India,Entertainment,6.0,8.0,1707000000.0,5100000.0,81900000.0,900000.0,2005.0,Dec
23,Pinkfong Baby Shark - Kids' Songs & Stories,68200000,38843229963.0,Pinkfong Baby Shark - Kids' Songs & Stories,2865,United States,Education,8.0,2.0,473387000.0,1400000.0,22700000.0,600000.0,2011.0,Dec
25,ChuChu TV Nursery Rhymes & Kids Songs,65900000,45757850229.0,ChuChu TV Nursery Rhymes & Kids Songs,633,India,Education,7.0,3.0,420292000.0,1300000.0,20200000.0,500000.0,2013.0,Feb
26,Shemaroo Filmi Gaane,65600000,28648024439.0,Shemaroo Filmi Gaane,8502,India,Music,8.0,8.0,254961000.0,764900.0,12200000.0,400000.0,2010.0,Jun
27,Colors TV,64600000,61510906457.0,Colors TV,112915,India,Entertainment,9.0,9.0,1188000000.0,3600000.0,57000000.0,1100000.0,2008.0,Jun
29,Dude Perfect,59500000,16241549158.0,Dude Perfect,389,United States,Sports,9.0,3.0,141200000.0,423600.0,6800000.0,100000.0,2009.0,Mar
30,Movieclips,59500000,59316472754.0,Movieclips,39113,United States,Film,9.0,3.0,114668000.0,344000.0,5500000.0,100000.0,2006.0,Apr
31,Tips Official,59300000,33431802698.0,Tips Official,4741,India,Music,11.0,10.0,422634000.0,1300000.0,20300000.0,600000.0,2007.0,May
32,El Reino Infantil,58400000,57271630846.0,El Reino Infantil,1510,Argentina,Music,1.0,11.0,611828000.0,1800000.0,29400000.0,600000.0,2011.0,Jun
33,Wave Music,58000000,40602020243.0,Wave Music,19487,India,Music,12.0,12.0,232025000.0,696100.0,11100000.0,500000.0,2014.0,Oct
34,Aaj Tak,57600000,25307753534.0,Aaj Tak,283775,India,News,13.0,1.0,461148000.0,1400000.0,22100000.0,500000.0,2009.0,Aug
35,Sony Music India,57200000,28837144516.0,Sony Music India,3882,India,Music,14.0,13.0,259310000.0,777900.0,12400000.0,300000.0,2009.0,Sep
36,EminemMusic,56900000,27073872856.0,EminemMusic,156,United States,Music,10.0,14.0,260193000.0,780600.0,12500000.0,300000.0,2007.0,Feb
37,Marshmello,56400000,14696003229.0,Marshmello,436,United States,Music,11.0,15.0,112100000.0,336300.0,5400000.0,100000.0,2015.0,Apr
38,YRF,54600000,35302243691.0,YRF,3707,India,Music,15.0,16.0,512093000.0,1500000.0,24600000.0,500000.0,2006.0,Jun
40,Ed Sheeran,53500000,30367676736.0,Ed Sheeran,383,United Kingdom,Music,1.0,18.0,202720000.0,608200.0,9700000.0,100000.0,2006.0,Aug
41,Infobells - Hindi,53300000,30516172739.0,Infobells - Hindi,577,India,Education,16.0,4.0,815949000.0,2400000.0,39200000.0,1600000.0,2014.0,Jun
42,Taylor Swift,52900000,29884657286.0,Taylor Swift,216,United States,Music,13.0,19.0,528392000.0,1600000.0,25400000.0,800000.0,2006.0,Sep
43,Ariana Grande,52700000,24004842608.0,Ariana Grande,147,United States,Music,14.0,20.0,160216000.0,480600.0,7700000.0,100000.0,2007.0,Jan
44,BillionSurpriseToys  - Nursery Rhymes & Cartoons,52200000,9877365274.0,BillionSurpriseToys  - Nursery Rhymes & CartÃ¯Â¿Â½,847,United States,Education,15.0,5.0,266747000.0,800200.0,12800000.0,600000.0,2013.0,Oct
45,JuegaGerman,48100000,14631710289.0,JuegaGerman,2052,Chile,Games,1.0,2.0,66388000.0,199200.0,3200000.0,200000.0,2013.0,May
46,Billie Eilish,47900000,13626331061.0,Billie Eilish,65,United States,Music,16.0,21.0,146862000.0,440600.0,7000000.0,200000.0,2013.0,Feb
47,Get Movies,47500000,30788679536.0,Get Movies,3322,Russia,Film,1.0,4.0,306540000.0,919600.0,14700000.0,700000.0,2006.0,Dec
48,Shemaroo,47400000,22519705183.0,Shemaroo,11451,India,Entertainment,17.0,10.0,232744000.0,698200.0,11200000.0,500000.0,2007.0,Sep
50,SonyMusicIndiaVEVO,46600000,27286058807.0,SonyMusicIndiaVEVO,3444,United States,Music,17.0,22.0,314505000.0,943500.0,15100000.0,400000.0,2009.0,Sep
51,A4,46300000,22936630813.0,aefour,1,Cuba,People,99.0,5359.0,94.0,0.28,5.0,10.0,2006.0,Mar
53,Fernanfloo,46100000,10323391593.0,Fernanfloo,543,El Salvador,Games,1.0,3.0,33842000.0,101500.0,1600000.0,200000.0,2011.0,May
54,Voot Kids,45500000,21388725229.0,Voot Kids,4660,India,Entertainment,18.0,13.0,233988000.0,702000.0,11200000.0,400000.0,2016.0,Nov
55,Felipe Neto,45200000,16602198273.0,Felipe Neto,4331,Brazil,Entertainment,2.0,14.0,130359000.0,391100.0,6300000.0,200000.0,2006.0,May
56,VocÃ¯Â¿Â½Ã¯Â¿Â½Ã¯Â¿Â½,44700000,7828610828.0,VocÃ¯Â¿Â½Ã¯Â¿Â½Ã¯Â¿Â½,1558,Brazil,Entertainment,3.0,15.0,48032000.0,144100.0,2300000.0,100000.0,2013.0,Sep
57,HAR PAL GEO,44600000,41139050371.0,HAR PAL GEO,100755,Pakistan,Entertainment,1.0,15.0,1337000000.0,4000000.0,64200000.0,1300000.0,2008.0,Jan
59,Katy Perry,44200000,25458952022.0,Katy Perry,128,United States,Music,19.0,24.0,134242000.0,402700.0,6400000.0,100000.0,2008.0,Jun
61,ABS-CBN Entertainment,44200000,50292540392.0,ABS-CBN Entertainment,193890,Philippines,Entertainment,1.0,16.0,176629000.0,529900.0,8500000.0,300000.0,2008.0,Jul
64,Shakira,43500000,27568757295.0,Shakira,326,Colombia,Howto,1.0,3.0,353412000.0,1100000.0,17000000.0,500000.0,2005.0,Oct
65,Ã½Ã½Ã½Ã½Ã½Ã½Ã½Ã½ Ã½Ã½ Ã½Ã½Ã½Ã½Ã½Ã½Ã½Ã½Ã½Ã½Ã½Ã½Ã½Ã½,43200000,36458726976.0,Ã½Ã½Ã½Ã½Ã½Ã½Ã½Ã½ Ã½Ã½ Ã½Ã½Ã½Ã½Ã½Ã½Ã½Ã½Ã½Ã½Ã½Ã½Ã½Ã½,1478,Russia,Education,2.0,6.0,303780000.0,911300.0,14600000.0,300000.0,2011.0,May
66,ARY Digital HD,43200000,37939780685.0,ARY Digital HD,109871,Pakistan,Entertainment,2.0,18.0,1149000000.0,3400000.0,55200000.0,900000.0,2016.0,Jul
67,Speed Records,42500000,26820902622.0,Speed Records,10938,India,Music,19.0,26.0,159757000.0,479300.0,7700000.0,100000.0,2012.0,Nov
68,Masha and The Bear,42400000,24519022988.0,Masha and The Bear,1218,United States,Film,20.0,5.0,670459000.0,2000000.0,32200000.0,1000000.0,2014.0,Sep
70,Rihanna,41900000,22477745835.0,Rihanna,84,Barbados,Music,1.0,27.0,182926000.0,548800.0,8800000.0,100000.0,2005.0,Nov
71,Ishtar Music,41400000,17608931161.0,Ishtar Music,4510,India,Music,20.0,28.0,180942000.0,542800.0,8700000.0,400000.0,2005.0,Sep
72,Kimberly Loaiza,41300000,5603111948.0,Kimberly Loaiza,291,Mexico,People,2.0,1.0,136745000.0,410200.0,6600000.0,400000.0,2016.0,Nov
73,Little Baby Bum - Nursery Rhymes & Kids Songs,40900000,39450824833.0,Little Baby Bum - Nursery Rhymes & Kids Songs,2423,United States,Education,22.0,7.0,98775000.0,296300.0,4700000.0,100000.0,2011.0,Jun
77,shfa2 - Ã¯Â¿Â½Ã¯Â¿Â½,39700000,23884824160.0,shfa2 - Ã¯Â¿Â½Ã¯Â¿Â½,1596,United Arab Emirates,People,1.0,2.0,247731000.0,743200.0,11900000.0,300000.0,2017.0,Nov
79,CarryMinati,39200000,3294013141.0,CarryMinati,186,India,Comedy,21.0,2.0,78688000.0,236100.0,3800000.0,700000.0,2014.0,Oct
80,XXXTENTACION,39200000,10507474316.0,XXXTENTACION,133,United States,Music,24.0,29.0,58362000.0,175100.0,2800000.0,100000.0,2015.0,Jun
81,Super Simple Songs - Kids Songs,39200000,44900897958.0,Super Simple Songs - Kids Songs,744,Canada,Education,2.0,8.0,560756000.0,1700000.0,26900000.0,400000.0,2006.0,Sep
82,Mikecrack,39100000,16118181673.0,Mikecrack,1876,Spain,Games,1.0,4.0,264108000.0,792300.0,12700000.0,800000.0,2015.0,Jul
83,WorkpointOfficial,39000000,36131228583.0,WorkpointOfficial,72580,Thailand,Entertainment,1.0,24.0,130461000.0,391400.0,6300000.0,200000.0,2012.0,Nov
84,GR6 EXPLODE,38900000,25154232306.0,GR6 EXPLODE,3043,Brazil,Music,6.0,30.0,1635000000.0,4900000.0,78500000.0,100000.0,2014.0,Aug
85,TEDx Talks,38600000,7339333120.0,TEDx Talks,200933,United States,Nonprofit,25.0,1.0,45638000.0,136900.0,2200000.0,100000.0,2009.0,Jun
86,shfa,38400000,21528116909.0,Ã½Ã½Ã½Ã½Ã½Ã½Ã½Ã½Ã½Ã½ Ã½Ã½Ã½Ã½Ã½Ã½,982,Saudi Arabia,Games,774.0,1454.0,1589000.0,4800.0,76300.0,2000.0,2018.0,May
87,Goldmines Gaane Sune Ansune,38300000,16718192386.0,Goldmines Gaane Sune Ansune,3532,India,Music,22.0,31.0,814756000.0,2400000.0,39100000.0,400000.0,2015.0,Aug
88,One Direction,38200000,13598903820.0,21 Savage,11,United States,Music,2904.0,2594.0,6348.0,19.0,305.0,100.0,2016.0,Jun
90,Sony PAL,38200000,28519339489.0,Sony PAL,24089,India,Entertainment,23.0,25.0,415914000.0,1200000.0,20000000.0,500000.0,2014.0,May
91,Daddy Yankee,38000000,22731415608.0,Daddy Yankee,505,United States,Music,27.0,33.0,205594000.0,616800.0,9900000.0,100000.0,2011.0,May
92,Vlad vÃ¯Â¿Â½Ã¯Â¿Â½Ã¯,37900000,23510152352.0,Vlad vÃ¯Â¿Â½Ã¯Â¿Â½Ã¯,515,United States,Entertainment,28.0,27.0,244093000.0,732300.0,11700000.0,200000.0,2018.0,Jul
93,Like Nastya ESP,37600000,18208196857.0,Like Nastya ESP,743,United States,Entertainment,29.0,28.0,321026000.0,963100.0,15400000.0,700000.0,2017.0,Apr
94,Ã½Ã½Ã½Ã½Ã½Ã½Ã½Ã½Ã½Ã½Ã½Ã½ one31,37500000,27262462114.0,Ã½Ã½Ã½Ã½Ã½Ã½Ã½Ã½Ã½Ã½Ã½Ã½ one31,117152,Thailand,Entertainment,2.0,29.0,140754000.0,422300.0,6800000.0,300000.0,2013.0,Jan
95,Jkk Entertainment,37200000,16402066717.0,Jkk Entertainment,220,India,Comedy,24.0,3.0,49861000.0,149600.0,2400000.0,100000.0,2017.0,Mar
96,ABP NEWS,37000000,13102611515.0,ABP NEWS,301308,India,News,25.0,2.0,267060000.0,801200.0,12800000.0,400000.0,2012.0,Jun
97,Maria Clara & JP,37000000,24188861917.0,Maria Clara & JP,744,Brazil,Entertainment,7.0,30.0,251449000.0,754300.0,12100000.0,300000.0,2015.0,Sep
98,Bruno Mars,36700000,19378155425.0,Bruno Mars,99,United States,Music,30.0,34.0,175243000.0,525700.0,8400000.0,200000.0,2006.0,Sep
102,YouTube,36300000,3010784935.0,YouTube,744,United States,Entertainment,32.0,5.0,21103000.0,63300.0,1000000.0,300000.0,1970.0,Jan
106,La Granja de ZenÃ¯Â¿Â½,35700000,27118354077.0,La Granja de ZenÃ¯Â¿Â½,654,Argentina,Music,2.0,37.0,302071000.0,906200.0,14500000.0,400000.0,2013.0,Jun
107,Saregama Music,35500000,15657673422.0,Saregama Music,7566,India,Music,27.0,38.0,533793000.0,1600000.0,25600000.0,900000.0,2013.0,Jan
108,IndiaTV,35500000,16105023749.0,IndiaTV,273255,India,News,27.0,3.0,290847000.0,872500.0,14000000.0,600000.0,2006.0,Aug
109,T-Series Bollywood Classics,35400000,22637783517.0,T-Series Bollywood Classics,2010,India,Music,28.0,39.0,331474000.0,994400.0,15900000.0,500000.0,2012.0,Apr
111,Markiplier,35200000,20297931219.0,Markiplier,5490,United States,Games,34.0,8.0,127329000.0,382000.0,6100000.0,100000.0,2012.0,May
112,Ryan's World,35200000,55299840198.0,Ryan's World,2453,United States,Entertainment,35.0,32.0,238613000.0,715800.0,11500000.0,200000.0,2015.0,Mar
113,Genevieve's Playhouse - Learning Videos for Kids,34900000,25607397308.0,Genevieve's Playhouse - Learning Videos for Ã¯Â¿Â½,617,United States,Film,36.0,7.0,335307000.0,1000000.0,16100000.0,300000.0,2016.0,Jan
116,Geet MP3,34300000,12746535822.0,Geet MP3,679,India,Music,31.0,41.0,101357000.0,304100.0,4900000.0,100000.0,2016.0,Oct
117,J Balvin,34100000,23005313609.0,J Balvin,141,Colombia,Music,2.0,42.0,128696000.0,386100.0,6200000.0,100000.0,2011.0,Feb
118,Jess No Limit,34000000,3963007415.0,Jess No Limit,2284,Indonesia,Entertainment,1.0,33.0,547141000.0,1600000.0,26300000.0,5500000.0,2017.0,Sep
119,Jingle Toons,34000000,11351015824.0,Jingle Toons,240,India,Film,32.0,8.0,179903000.0,539700.0,8600000.0,600000.0,2013.0,Jan
121,Galinha Pintadinha,33800000,27274550757.0,Galinha Pintadinha,66,Brazil,Film,8.0,9.0,403508000.0,1200000.0,19400000.0,200000.0,2006.0,Aug
122,SSSniperWolf,33700000,23492684419.0,SSSniperWolf,3366,United States,Entertainment,37.0,35.0,210955000.0,632900.0,10100000.0,200000.0,2013.0,Jan
124,Selena Gomez,33600000,13013567335.0,Selena Gomez,188,United States,Music,38.0,43.0,115792000.0,347400.0,5600000.0,200000.0,2008.0,Feb
125,Rajshri,33500000,14864294792.0,Rajshri,3741,India,Entertainment,34.0,36.0,272255000.0,816800.0,13100000.0,500000.0,2006.0,Mar
127,KHANDESHI MOVIES,33500000,11405809704.0,KHANDESHI MOVIES,217,India,Comedy,35.0,4.0,24736000.0,74200.0,1200000.0,100000.0,2013.0,Nov
129,CVS 3D Rhymes & Kids Songs,33400000,20269857567.0,CVS 3D Rhymes & Kids Songs,338,India,Education,35.0,9.0,136084000.0,408300.0,6500000.0,200000.0,2008.0,Aug
130,Ricis Official,33300000,5994136760.0,Ricis Official,2736,Indonesia,Entertainment,2.0,34.0,157101000.0,471300.0,7500000.0,1900000.0,2016.0,Jan
131,BabyBus - Kids Songs and Cartoons,32800000,26355088167.0,BabyBus - Kids Songs and Cartoons,2122,United States,Education,39.0,10.0,127498000.0,382500.0,6100000.0,200000.0,2016.0,Jul
132,Eros Now Music,32700000,17853798780.0,Mzaalo,1521,India,Entertainment,730.0,838.0,20263000.0,60800.0,972600.0,40000.0,2012.0,Mar
133,BETER BÃ¯Â¿Â½Ã¯Â¿Â½,32700000,19180039918.0,BETER BÃ¯Â¿Â½Ã¯Â¿Â½,2738,Turkey,Games,1.0,11.0,1463000000.0,4400000.0,70200000.0,2100000.0,2012.0,Dec
134,DisneyMusicVEVO,32700000,28516250629.0,DisneyMusicVEVO,2068,United States,Music,40.0,45.0,329861000.0,989600.0,15800000.0,300000.0,2010.0,May
135,The Weeknd,32600000,23379969006.0,The Weeknd,169,Canada,Music,3.0,45.0,373828000.0,1100000.0,17900000.0,200000.0,2011.0,Feb
137,KAROL G,32100000,18699145555.0,KAROL G,134,Colombia,Music,3.0,46.0,465647000.0,1400000.0,22400000.0,300000.0,2013.0,Mar
138,Mr Bean,32100000,10602236110.0,Mr Bean,3091,United Kingdom,Comedy,4.0,5.0,56534000.0,169600.0,2700000.0,100000.0,2006.0,Jan
140,StarPlus,32000000,26800674545.0,StarPlus,44892,India,Entertainment,38.0,40.0,1667000000.0,5000000.0,80000000.0,1200000.0,2006.0,May
142,GMA  Network,31900000,19428308461.0,GMA  Network,93311,Philippines,Entertainment,2.0,41.0,798510000.0,2400000.0,38300000.0,500000.0,2006.0,Nov
144,MR. INDIAN HACKER,31700000,5711208484.0,MR. INDIAN HACKER,929,India,Tech,40.0,1.0,109125000.0,327400.0,5200000.0,500000.0,2012.0,Jun
145,Worldwide Records Bhojpuri,31700000,16476978876.0,Worldwide Records Bhojpuri,6518,India,Music,39.0,48.0,112648000.0,337900.0,5400000.0,200000.0,2012.0,Mar
146,DONA Ã¯Â¿Â½Ã¯Â¿Â½,31700000,21031745531.0,DONA Ã¯Â¿Â½Ã¯Â¿Â½,166,United States,Entertainment,41.0,42.0,153280000.0,459800.0,7400000.0,200000.0,2018.0,Apr
147,Dream,31700000,2930015381.0,Dream,116,United States,Games,41.0,12.0,27022000.0,81100.0,1300000.0,200000.0,2014.0,Feb
148,Lucas and Marcus,31600000,11615848291.0,Lucas and Marcus,1321,United States,Entertainment,42.0,43.0,312099000.0,936300.0,15000000.0,400000.0,2011.0,Jan
151,Peppa Pig - Official Channel,31400000,22919271731.0,Peppa Pig - Official Channel,3589,United Kingdom,Education,5.0,11.0,244925000.0,734800.0,11800000.0,300000.0,2013.0,Oct
152,YOLO AVENTURAS,31200000,9673649438.0,YOLO AVENTURAS,65,Venezuela,Comedy,522.0,2270.0,3589.0,11.0,172.0,100.0,2018.0,Dec
154,TheDonato,31200000,6187804950.0,TheDonato,3027,Argentina,Games,3.0,12.0,190679000.0,572000.0,9200000.0,1900000.0,2015.0,Feb
155,ImagineDragons,30700000,16793072362.0,ImagineDragons,92,United States,Music,45.0,50.0,188837000.0,566500.0,9100000.0,100000.0,2009.0,Aug
156,Diana and Roma ESP,30700000,12355992466.0,Diana and Roma ESP,578,United States,Entertainment,45.0,45.0,102998000.0,309000.0,4900000.0,200000.0,2016.0,Nov
157,Round2hell,30700000,3145161634.0,Round2hell,67,India,Entertainment,41.0,45.0,31822000.0,95500.0,1500000.0,300000.0,2016.0,Oct
158,Zee News,30500000,16709857823.0,Zee News,180092,India,News,41.0,4.0,461472000.0,1400000.0,22200000.0,600000.0,2007.0,Jun
159,AboFlah,30500000,4521573939.0,AboFlah,641,Kuwait,Entertainment,1.0,7.0,157908000.0,473700.0,7600000.0,1300000.0,2016.0,Jul
162,Ã½Ã½Ã½Ã½Ã½Ã½Ã½Ã½Ã½Ã½Ã½Ã½Ã½Ã½Ã½ Ã½Ã½Ã½Ã½Ã½Ã½ Ã½Ã½Ã½Ã½Ã½Ã½Ã½Ã½Ã½Ã½Ã½Ã½Ã½Ã½Ã½Ã½Ã½Ã½,30400000,17999961915.0,Ã½Ã½Ã½Ã½Ã½Ã½Ã½Ã½Ã½Ã½Ã½Ã½Ã½Ã½Ã½ Ã½Ã½Ã½Ã½Ã½Ã½ Ã½Ã½Ã½Ã½Ã½Ã½Ã½Ã½Ã½Ã½Ã½Ã½Ã½Ã½Ã½Ã½Ã½Ã½,532,United States,Entertainment,46.0,46.0,122926000.0,368800.0,5900000.0,300000.0,2018.0,Nov
164,Adele,30200000,14199108016.0,Adele,15,United Kingdom,Music,6.0,53.0,137099000.0,411300.0,6600000.0,100000.0,2008.0,Apr
166,Ã½Ã½Ã½Ã½Ã½Ã½Ã½Ã½ Ã½Ã½Ã½Ã½Ã½Ã½Ã½Ã½ Ã½Ã½Ã½Ã½Ã½Ã½Ã½Ã½Ã½Ã½ | toyoraljanahtv,30200000,27684955537.0,Ã½Ã½Ã½Ã½Ã½Ã½Ã½Ã½ Ã½Ã½Ã½Ã½Ã½Ã½Ã½Ã½ Ã½Ã½Ã½Ã½Ã½Ã½Ã½Ã½Ã½Ã½ | toyoraljanahtv,3254,Jordan,Music,1.0,52.0,116434000.0,349300.0,5600000.0,100000.0,2008.0,Nov
168,Spinnin' Records,30100000,19607009165.0,Spinnin' Records,11501,Netherlands,Music,1.0,54.0,100040000.0,300100.0,4800000.0,100000.0,2007.0,Jul
172,ashish chanchlani vines,29800000,4457913639.0,ashish chanchlani vines,151,India,Comedy,42.0,8.0,26171000.0,78500.0,1300000.0,100000.0,2009.0,Jul
177,Enaldinho,29200000,11627437847.0,Enaldinho,3654,Brazil,Games,10.0,15.0,303100000.0,909300.0,14500000.0,1000000.0,2012.0,Nov
180,infobells - Tamil,28900000,17930570614.0,infobells - Tamil,555,India,Education,44.0,13.0,109828000.0,329500.0,5300000.0,200000.0,2014.0,Mar
183,Aditya Movies,28400000,10062770060.0,Aditya Movies,5436,India,Film,45.0,11.0,227355000.0,682100.0,10900000.0,500000.0,2012.0,Feb
185,infobells - Telugu,28300000,14814192034.0,infobells - Telugu,505,India,Education,45.0,14.0,288110000.0,864300.0,13800000.0,800000.0,2014.0,Mar
186,HUM TV,28300000,23844936965.0,HUM TV,106983,Pakistan,Entertainment,3.0,49.0,684860000.0,2100000.0,32900000.0,700000.0,2011.0,May
187,Shemaroo Movies,28200000,7600740993.0,Shemaroo Movies,3009,India,Film,46.0,13.0,184966000.0,554900.0,8900000.0,500000.0,2011.0,Mar
188,Michael Jackson,28200000,14412474625.0,Michael Jackson,15,United States,Music,54.0,59.0,158591000.0,475800.0,7600000.0,200000.0,2005.0,Jun
193,toycantando,27700000,15777682516.0,toycantando,619,Colombia,Music,4.0,62.0,173836000.0,521500.0,8300000.0,200000.0,2009.0,Jul
195,Wiz Khalifa,27500000,13379395501.0,Wiz Khalifa,682,United States,Music,57.0,63.0,90450000.0,271300.0,4300000.0,100000.0,2008.0,May
196,JYP Entertainment,27400000,19883150017.0,JYP Entertainment,1753,South Korea,Music,4.0,64.0,307631000.0,922900.0,14800000.0,200000.0,2008.0,Jan
197,Ã½Ã½Ã½ Kids Roma Show,27400000,10336420490.0,Ã½Ã½Ã½ Kids Roma Show,642,United States,Entertainment,58.0,50.0,175844000.0,527500.0,8400000.0,400000.0,2015.0,May
198,DanTDM,27400000,19417887510.0,DanTDM,3664,United Kingdom,Games,7.0,16.0,78668000.0,236000.0,3800000.0,500000.0,2012.0,Jul
199,Nick Jr.,27300000,22440611155.0,Nick Jr.,5438,United States,Entertainment,59.0,51.0,42546000.0,127600.0,2000000.0,200000.0,2012.0,Sep
200,Crazy XYZ,27300000,7705492350.0,Crazy XYZ,1259,India,Tech,48.0,2.0,102235000.0,306700.0,4900000.0,100000.0,2017.0,Sep
202,Dushyant kukreja,27100000,17318452893.0,Dushyant kukreja,889,India,Entertainment,49.0,52.0,429692000.0,1300000.0,20600000.0,700000.0,2015.0,Sep
204,Brent Rivera,27000000,6570935979.0,Brent Rivera,554,United States,Entertainment,60.0,53.0,144453000.0,433400.0,6900000.0,300000.0,2009.0,Aug
205,Renato Garcia YT,26900000,7938616641.0,Renato Garcia YT,3956,Brazil,Entertainment,11.0,54.0,82912000.0,248700.0,4000000.0,200000.0,2011.0,Sep
206,Beast Reacts,26700000,4388047013.0,Beast Reacts,241,United States,Entertainment,61.0,54.0,276187000.0,828600.0,13300000.0,1200000.0,2016.0,Apr
208,Netflix,26700000,7173668905.0,Netflix,6471,United States,Entertainment,62.0,55.0,118226000.0,354700.0,5700000.0,200000.0,2012.0,Jul
209,Raffy Tulfo in Action,26500000,15065753455.0,Raffy Tulfo in Action,10022,Philippines,News,3.0,5.0,163130000.0,489400.0,7800000.0,300000.0,2016.0,Apr
211,Goldmines Bollywood,26400000,8595760553.0,Goldmines Bollywood,3622,India,Film,50.0,15.0,99677000.0,299000.0,4800000.0,400000.0,2015.0,Jul
212,Alan Chikin Chow,26400000,27006526665.0,Alan Chikin Chow,865,United States,Comedy,63.0,12.0,1046000000.0,3100000.0,50200000.0,1300000.0,2020.0,Feb
213,PANDA BOI,26400000,17211600007.0,PANDA BOI,967,Italy,Entertainment,1.0,55.0,1225000000.0,3700000.0,58800000.0,2000000.0,2020.0,Dec
215,D Billions,26200000,31977463002.0,D Billions,775,United States,Entertainment,64.0,58.0,487076000.0,1500000.0,23400000.0,200000.0,2019.0,Jul
216,Junya.Ã¯Â¿Â½Ã¯Â¿Â½Ã¯Â¿Â½Ã¯Â¿Â½,26200000,16097531087.0,Junya.Ã¯Â¿Â½Ã¯Â¿Â½Ã¯Â¿Â½Ã¯Â¿Â½,5985,Japan,Entertainment,2.0,56.0,721848000.0,2200000.0,34600000.0,1100000.0,2020.0,Sep
217,Smosh,26100000,10435474336.0,Smosh,1619,United States,Comedy,65.0,13.0,68156000.0,204500.0,3300000.0,400000.0,2005.0,Nov
222,Indosiar,25900000,11372071889.0,Indosiar,65286,Indonesia,Entertainment,5.0,60.0,230183000.0,690500.0,11000000.0,600000.0,2013.0,Sep
224,David Guetta,25700000,17793809548.0,David Guetta,749,United States,Music,67.0,67.0,164215000.0,492600.0,7900000.0,100000.0,2009.0,Dec
226,Nicki Minaj,25700000,10242981063.0,Nicki Minaj,42,United States,Music,67.0,67.0,103631000.0,310900.0,5000000.0,100000.0,2013.0,Aug
228,TaylorSwiftVEVO,25600000,25592378292.0,TaylorSwiftVEVO,287,United States,Music,68.0,68.0,318593000.0,955800.0,15300000.0,100000.0,2009.0,May
230,Post Malone,25500000,14401218086.0,Post Malone,78,United States,Music,69.0,69.0,195499000.0,586500.0,9400000.0,100000.0,2011.0,Dec
231,Rans Entertainment,25400000,6430853035.0,Rans Entertainment,3716,Indonesia,Entertainment,6.0,62.0,58487000.0,175500.0,2800000.0,100000.0,2015.0,Dec
232,LankyBox,25400000,34300482066.0,LankyBox,8775,United States,Games,69.0,18.0,815341000.0,2400000.0,39100000.0,600000.0,2016.0,Jul
233,Coldplay,25300000,17331663193.0,Coldplay,398,United Kingdom,Music,8.0,70.0,198875000.0,596600.0,9500000.0,100000.0,2010.0,Jan
235,WB Kids,25200000,11081602368.0,WB Kids,2025,United States,Film,70.0,16.0,140319000.0,421000.0,6700000.0,300000.0,2015.0,Mar
238,The Lallantop,25200000,10409352249.0,The Lallantop,51129,India,News,52.0,6.0,273920000.0,821800.0,13100000.0,300000.0,2015.0,Mar
241,TRANS7 OFFICIAL,25000000,14169516119.0,TRANS7 OFFICIAL,89179,Indonesia,Entertainment,7.0,64.0,123189000.0,369600.0,5900000.0,100000.0,2014.0,Sep
242,Anuel AA,25000000,14827085149.0,Anuel AA,147,Colombia,Music,6.0,73.0,284144000.0,852400.0,13600000.0,300000.0,2016.0,Sep
243,Dan Rhodes,24800000,17387583720.0,Dan Rhodes,1644,United Kingdom,Entertainment,9.0,66.0,331889000.0,995700.0,15900000.0,500000.0,2015.0,Oct
245,America's Got Talent,24800000,3699352704.0,America's Got Talent,1894,United States,Entertainment,72.0,65.0,134412000.0,403200.0,6500000.0,400000.0,2006.0,Jun
247,EminemVEVO,24700000,20531704527.0,EminemVEVO,104,United States,Music,73.0,74.0,139443000.0,418300.0,6700000.0,100000.0,2009.0,May
249,KatyPerryVEVO,24600000,23755792542.0,KatyPerryVEVO,175,United States,Music,74.0,75.0,88940000.0,266800.0,4300000.0,100000.0,2009.0,Dec
250,Mark Rober,24600000,3647987299.0,Mark Rober,120,United States,Tech,74.0,3.0,88625000.0,265900.0,4300000.0,200000.0,2011.0,Oct
252,Like Nastya AE,24400000,12385924995.0,Like Nastya AE,658,United States,Entertainment,75.0,68.0,169865000.0,509600.0,8200000.0,400000.0,2018.0,Dec
254,Pen Movies,24300000,6608773195.0,Pen Movies,1667,India,Film,53.0,17.0,94853000.0,284600.0,4600000.0,300000.0,2014.0,Mar
255,MrBeast en EspaÃ¯Â¿Â½Ã¯,24200000,2700914170.0,MrBeast en EspaÃ¯Â¿Â½Ã¯,67,Mexico,Entertainment,10.0,70.0,33590000.0,100800.0,1600000.0,100000.0,2021.0,Jul
256,shfa show India,24200000,15724160183.0,shfa show India,469,United Arab Emirates,People,3.0,9.0,151208000.0,453600.0,7300000.0,200000.0,2019.0,Apr
257,Super JoJo - Nursery Rhymes & Kids Songs,24100000,329774870.0,Super JoJo - Nursery Rhymes & Kids Songs,36,United States,Education,77.0,15.0,328503000.0,985500.0,15800000.0,100000.0,2019.0,May
258,Alejo Igoa,24100000,10999000479.0,Alejo Igoa,802,Argentina,Entertainment,4.0,71.0,401512000.0,1200000.0,19300000.0,600000.0,2014.0,Jan
260,netd mÃ¯Â¿Â½Ã¯Â¿,24100000,56106087508.0,netd mÃ¯Â¿Â½Ã¯Â¿,23491,Turkey,Music,2.0,76.0,424815000.0,1300000.0,20400000.0,200000.0,2014.0,Jan
262,Diana and Roma ARA,24100000,11041261296.0,Diana and Roma ARA,590,United States,Entertainment,76.0,70.0,66884000.0,200700.0,3200000.0,200000.0,2019.0,Feb
264,Spider Slack,24000000,13943030228.0,Spider Slack,901,Brazil,Comedy,13.0,14.0,761451000.0,2300000.0,36500000.0,1100000.0,2020.0,May
266,Preston,24000000,8279004442.0,Preston,4009,United States,Entertainment,78.0,72.0,151697000.0,455100.0,7300000.0,200000.0,2012.0,Jul
267,James Charles,23900000,4067878931.0,James Charles,505,United States,Entertainment,79.0,73.0,58126000.0,174400.0,2800000.0,100000.0,2015.0,Dec
269,Diana and Roma EN,23900000,7213499085.0,Diana and Roma EN,511,United States,Entertainment,79.0,73.0,177769000.0,533300.0,8500000.0,300000.0,2011.0,Dec
271,Troom Troom,23800000,10414479943.0,Troom Troom,2425,United States,Howto,80.0,8.0,98052000.0,294200.0,4700000.0,100000.0,2015.0,Sep
272,Enrique Iglesias,23800000,17688774915.0,Enrique Iglesias,443,United States,Music,80.0,77.0,122914000.0,368700.0,5900000.0,100000.0,2007.0,Apr
276,That Little Puff,23700000,20289689389.0,That Little Puff,769,United States,Animals,81.0,1.0,755054000.0,2300000.0,36200000.0,1100000.0,2020.0,Aug
278,Juan De Dios Pantoja,23600000,2135644776.0,Juan De Dios Pantoja,226,Mexico,People,11.0,10.0,46862000.0,140600.0,2200000.0,200000.0,2014.0,Jun
280,Maya and Mary,23600000,6766461070.0,Maya and Mary,552,United States,Entertainment,82.0,75.0,44542000.0,133600.0,2100000.0,400000.0,2013.0,Aug
281,Peppa Pig EspaÃ¯Â¿Â½Ã¯Â¿Â½Ã¯Â¿Â½Ã¯Â¿Â½Ã¯Â¿Â½Ã¯Â¿Â½Ã¯Â¿Â½Ã¯Â¿Â½Ã¯Â¿Â½,23600000,7920637200.0,Peppa Pig EspaÃ¯Â¿Â½Ã¯Â¿Â½Ã¯Â¿Â½Ã¯Â¿Â½Ã¯Â¿Â½Ã¯Â¿Â½Ã¯Â¿Â½Ã¯Â¿Â½Ã¯Â¿Â½,1251,United Kingdom,Film,12.0,19.0,53589000.0,160800.0,2600000.0,100000.0,2014.0,Jul
284,Tilak,23400000,9465863821.0,Tilak,6672,India,Film,56.0,20.0,367347000.0,1100000.0,17600000.0,900000.0,2020.0,Oct
286,Sesame Street,23300000,22471357411.0,Sesame Street,3657,United States,Entertainment,83.0,78.0,124187000.0,372600.0,6000000.0,100000.0,2006.0,Jan
288,Lady Gaga,23200000,15751661213.0,Lady Gaga,172,United States,Music,83.0,79.0,143169000.0,429500.0,6900000.0,100000.0,2008.0,May
290,Wave Music Bhojpuri,23100000,12889240875.0,Wave Music Bhojpuri,22578,India,Music,59.0,81.0,52678000.0,158000.0,2500000.0,100000.0,2014.0,Aug
292,TED,23100000,2551113422.0,TED,4445,United States,Tech,85.0,4.0,13246000.0,39700.0,635800.0,100000.0,2006.0,Dec
293,unknown boy varun,23100000,9299371231.0,unknown boy varun,456,India,Music,58.0,80.0,304021000.0,912100.0,14600000.0,700000.0,2016.0,Sep
294,Kids TV - Nursery Rhymes And Baby Songs,23100000,13151870846.0,Kids TV - Nursery Rhymes And Baby Songs,3781,United States,Music,85.0,81.0,128448000.0,385300.0,6200000.0,700000.0,2013.0,Aug
295,Tsuriki Show,23000000,31494513067.0,Tsuriki Show,2905,Germany,Comedy,1.0,15.0,756717000.0,2300000.0,36300000.0,800000.0,2019.0,Jul
297,DrossRotzank,23000000,6041264489.0,DrossRotzank,1598,Argentina,Entertainment,5.0,80.0,35539000.0,106600.0,1700000.0,100000.0,2006.0,Mar
298,White Hill Music,23000000,10939966484.0,White Hill Music,5718,India,Music,60.0,82.0,93183000.0,279500.0,4500000.0,100000.0,2014.0,Mar
301,toyorbabytv,22900000,16298342829.0,toyorbabytv,1159,Jordan,Music,2.0,83.0,169056000.0,507200.0,8100000.0,300000.0,2012.0,Nov
302,BabyBus - Canciones Infantiles & Videos para NiÃ¯Â¿Â½Ã¯,22900000,13206471140.0,BabyBus - Canciones Infantiles & Videos paraÃ¯Â¿Â½,1251,Mexico,Education,12.0,17.0,136821000.0,410500.0,6600000.0,200000.0,2018.0,Mar
304,Vania Mania Kids,22700000,10115316784.0,Vania Mania Kids,985,United States,Education,87.0,18.0,155215000.0,465600.0,7500000.0,300000.0,2015.0,Sep
306,Sun TV,22600000,20847038152.0,Sun TV,60964,India,Entertainment,63.0,82.0,982238000.0,2900000.0,47100000.0,600000.0,2016.0,Feb
307,Heroindori,22600000,9223534599.0,Heroindori,495,India,Entertainment,62.0,81.0,399152000.0,1200000.0,19200000.0,1400000.0,2020.0,Jun
308,The Chainsmokers,22600000,14231943358.0,The Chainsmokers,180,United States,Music,88.0,84.0,81660000.0,245000.0,3900000.0,100000.0,2012.0,Sep
309,mmoshaya,22600000,17507060680.0,mmoshaya,1189,Saudi Arabia,Entertainment,1.0,83.0,73829000.0,221500.0,3500000.0,100000.0,2010.0,Dec
311,LeoNata Family,22600000,27084848152.0,LeoNata Family,2321,United States,People,87.0,11.0,1174000000.0,3500000.0,56300000.0,1300000.0,2021.0,Sep
312,Goldmines Cineplex,22500000,2431154438.0,Goldmines Cineplex,3377,India,Film,64.0,23.0,48740000.0,146200.0,2300000.0,200000.0,2015.0,Sep
313,Vlad and Niki Arabic,22500000,10613701948.0,Vlad and Niki Arabic,526,United States,Entertainment,89.0,84.0,65066000.0,195200.0,3100000.0,100000.0,2018.0,Nov
314,SSundee,22500000,13835173331.0,SSundee,3315,United States,Games,90.0,21.0,175094000.0,525300.0,8400000.0,200000.0,2009.0,Nov
316,Smile Family,22300000,8663830163.0,SMILE Family,34,France,Music,3046.0,4509.0,735.0,2.0,35.0,10.0,2019.0,Nov
317,FGTeeV,22300000,24059336857.0,FGTeeV,1724,United States,Games,91.0,22.0,132110000.0,396300.0,6300000.0,100000.0,2013.0,May
318,Kinder Spielzeug Kanal (Kidibli),22200000,11136266461.0,Kinder Spielzeug Kanal (Kidibli),999,United States,Entertainment,92.0,86.0,139333000.0,418000.0,6700000.0,200000.0,2015.0,Sep
319,Charlie Puth,22000000,9924807127.0,Charlie Puth,157,United States,Music,94.0,86.0,111500000.0,334500.0,5400000.0,100000.0,2009.0,Sep
320,Vlad and Niki ESP,22000000,8594440895.0,Vlad and Niki ESP,515,United States,Entertainment,93.0,87.0,183871000.0,551600.0,8800000.0,200000.0,2018.0,Oct
321,Sagawa /Ã¯Â¿Â½Ã¯Â¿Â½Ã¯Â¿Â½,22000000,18347969186.0,Sagawa /Ã¯Â¿Â½Ã¯Â¿Â½Ã¯Â¿Â½,6274,Japan,Entertainment,3.0,88.0,711254000.0,2100000.0,34100000.0,800000.0,2021.0,Feb
322,Ben Azelart,21900000,4454917643.0,Ben Azelart,301,United States,Entertainment,94.0,88.0,184946000.0,554800.0,8900000.0,500000.0,2014.0,Jun
323,Zach Choi ASMR,21900000,5918314128.0,Zach Choi ASMR,946,United States,People,94.0,12.0,234222000.0,702700.0,11200000.0,400000.0,2014.0,Jul
324,Topper Guild,21900000,15552070846.0,Topper Guild,816,United States,Comedy,91.0,16.0,687028000.0,2100000.0,33000000.0,1900000.0,2014.0,Jul
326,Stokes Twins,21800000,4469711607.0,Stokes Twins,257,United States,People,95.0,13.0,197953000.0,593900.0,9500000.0,600000.0,2008.0,Apr
327,National Geographic,21800000,5614621131.0,National Geographic,10162,United States,Entertainment,95.0,89.0,45812000.0,137400.0,2200000.0,100000.0,2006.0,May
328,Dua Lipa,21800000,11288359365.0,Dua Lipa,164,United Kingdom,Music,14.0,87.0,128047000.0,384100.0,6100000.0,100000.0,2011.0,Feb
333,ZAMZAM ELECTRONICS TRADING,21700000,8507818877.0,ZAMZAM ELECTRONICS TRADING,15126,United Arab Emirates,People,4.0,14.0,1598000000.0,4800000.0,76700000.0,3400000.0,2020.0,Dec
334,DUDU e CAROL,21600000,9597894786.0,DUDU e CAROL,2942,Brazil,Entertainment,15.0,90.0,193174000.0,579500.0,9300000.0,300000.0,2013.0,Mar
335,Village Cooking Channel,21600000,5863377051.0,Village Cooking Channel,219,India,Howto,66.0,9.0,194604000.0,583800.0,9300000.0,400000.0,2018.0,Apr
337,Tekashi 6ix9ine,21500000,5890180734.0,Tekashi 6ix9ine,51,United States,Music,96.0,88.0,113542000.0,340600.0,5400000.0,200000.0,2018.0,Apr
340,invictor,21500000,8409641722.0,INVICTOR,17,Chile,People,2889.0,7518.0,49.0,0.15,2.0,4.0,2016.0,Jul
342,Sidhu Moose Wala,21400000,6264261757.0,Sidhu Moose Wala,114,India,Music,67.0,89.0,160690000.0,482100.0,7700000.0,500000.0,2017.0,Oct
343,The Royalty Family,21300000,6269945014.0,The Royalty Family,733,United States,People,98.0,15.0,160227000.0,480700.0,7700000.0,200000.0,2017.0,Apr
344,Becky G,21300000,10644857969.0,Becky G,78,United States,Music,98.0,90.0,103171000.0,309500.0,5000000.0,100000.0,2011.0,Sep
345,Ishaan Ali 11,21300000,12761253839.0,Ishaan Ali 11,951,India,People,68.0,16.0,729409000.0,2200000.0,35000000.0,1600000.0,2016.0,Jul
346,Infinite,21300000,5141834668.0,Infinite,1608,United States,Entertainment,98.0,93.0,68350000.0,205100.0,3300000.0,200000.0,2014.0,Aug
347,Azhan5star,21300000,10047736580.0,Azhan5star,669,India,Entertainment,67.0,92.0,236293000.0,708900.0,11300000.0,600000.0,2021.0,Feb
348,Dangal TV Channel,21300000,12895427184.0,Dangal TV Channel,20225,India,Entertainment,67.0,92.0,561020000.0,1700000.0,26900000.0,700000.0,2017.0,Aug
350,GMA Public  Affairs,21200000,11364908616.0,GMA Public  Affairs,31989,Philippines,News,4.0,7.0,142317000.0,427000.0,6800000.0,200000.0,2009.0,Aug
352,Baim Paula,21100000,4526271677.0,Baim Paula,2325,Indonesia,Entertainment,8.0,94.0,26974000.0,80900.0,1300000.0,100000.0,2016.0,Jun
354,Rafa & Luiz,21000000,7762905663.0,Rafa & Luiz,2883,Brazil,Entertainment,16.0,94.0,118410000.0,355200.0,5700000.0,400000.0,2015.0,Aug
355,Lyrical Lemonade,21000000,10631638628.0,Lyrical Lemonade,420,United States,Entertainment,100.0,95.0,80062000.0,240200.0,3800000.0,100000.0,2013.0,Mar
356,Vlad and Niki IDN,21000000,9789121606.0,Vlad and Niki IDN,498,United States,Entertainment,100.0,95.0,133362000.0,400100.0,6400000.0,300000.0,2018.0,Nov
357,Dr. Vivek Bindra: Motivational Speaker,20900000,1693149479.0,Dr. Vivek Bindra: Motivational Speaker,896,India,Education,69.0,20.0,28588000.0,85800.0,1400000.0,100000.0,2013.0,Dec
358,Fatos Desconhecidos,20900000,3828000587.0,Fatos Desconhecidos,6262,Brazil,Entertainment,17.0,96.0,52330000.0,157000.0,2500000.0,100000.0,2013.0,Sep
360,LIV Crime,20900000,11058049885.0,LIV Crime,9850,United States,People,100.0,17.0,383700000.0,1200000.0,18400000.0,600000.0,2020.0,Aug
364,Kurzgesagt Ã¯Â¿Â½Ã¯Â¿Â½Ã¯Â¿Â½Ã¯Â¿Â½Ã¯Â¿Â½Ã¯Â¿,20800000,2378448129.0,Kurzgesagt Ã¯Â¿Â½Ã¯Â¿Â½Ã¯Â¿Â½Ã¯Â¿Â½Ã¯Â¿Â½Ã¯Â¿,193,Germany,Education,2.0,21.0,29269000.0,87800.0,1400000.0,100000.0,2013.0,Jul
365,Yoeslan,20700000,17963202261.0,Yoeslan,619,United States,Entertainment,101.0,96.0,874796000.0,2600000.0,42000000.0,1000000.0,2020.0,Sep
368,tuzelity SHUFFLE,20700000,8658941531.0,tuzelity SHUFFLE,889,Russia,People,3.0,18.0,552266000.0,1700000.0,26500000.0,1600000.0,2015.0,Oct
370,Deddy Corbuzier,20600000,4956090094.0,deddycorbuzier,15,Indonesia,Entertainment,4044.0,6217.0,85.0,0.26,4.0,1.0,2007.0,Jul
371,Bizarrap,20600000,7657171980.0,Bizarrap,83,Argentina,Entertainment,8.0,98.0,193176000.0,579500.0,9300000.0,200000.0,2017.0,Jan
373,Mnet K-POP,20500000,15038593883.0,Mnet K-POP,33229,South Korea,Entertainment,7.0,99.0,158540000.0,475600.0,7600000.0,100000.0,2006.0,Mar
375,Ninja Kidz TV,20500000,11009148579.0,Ninja Kidz TV,296,United States,Entertainment,104.0,99.0,195203000.0,585600.0,9400000.0,100000.0,2017.0,Feb
376,Totoy kids - PortuguÃ¯Â¿Â½,20400000,1796227417.0,Totoy kids - PortuguÃ¯Â¿Â½,206,Brazil,Film,19.0,24.0,39495000.0,118500.0,1900000.0,100000.0,2014.0,Dec
377,Jake Paul,20400000,7311322368.0,Jake Paul,1006,United States,People,105.0,19.0,14646000.0,43900.0,703000.0,100000.0,2013.0,Sep
379,Vijay Television,20400000,29406206620.0,Vijay Television,51515,India,Entertainment,70.0,100.0,907534000.0,2700000.0,43600000.0,400000.0,2007.0,Feb
381,Emiway Bantai,20400000,3579555124.0,Emiway Bantai,239,India,Music,70.0,94.0,41289000.0,123900.0,2000000.0,100000.0,2013.0,May
382,Got Talent Global,20300000,2441288701.0,Got Talent Global,1245,United Kingdom,Entertainment,15.0,101.0,86457000.0,259400.0,4100000.0,100000.0,2013.0,Jan
384,BabyBus - Cerita & Lagu Anak-anak,20300000,11819051552.0,BabyBus - Cerita & Lagu Anak-anak,875,Indonesia,Education,10.0,22.0,112768000.0,338300.0,5400000.0,100000.0,2019.0,Jan
385,Ami Rodriguez,20200000,2951914200.0,Ami Rodriguez,460,Colombia,Entertainment,7.0,103.0,263864000.0,791600.0,12700000.0,1600000.0,2009.0,Jul
386,Noor Stars,20200000,2764127969.0,Noor Stars,693,United Arab Emirates,Entertainment,5.0,102.0,15556000.0,46700.0,746700.0,100000.0,2014.0,Apr
388,Kiddiestv Hindi - Nursery Rhymes & Kids Songs,20200000,7274150246.0,Kiddiestv Hindi - Nursery Rhymes & Kids Songs,226,India,Education,71.0,23.0,113420000.0,340300.0,5400000.0,300000.0,2017.0,May
389,dednahype,20200000,20919403720.0,dednahype,1935,Latvia,Comedy,1.0,19.0,1245000000.0,3700000.0,59800000.0,1200000.0,2020.0,Mar
390,Marta and Rustam,20200000,19694265358.0,Marta and Rustam,761,United States,Comedy,106.0,20.0,452250000.0,1400000.0,21700000.0,600000.0,2021.0,Jun
391,MiawAug,20200000,6098644584.0,MiawAug,3713,Indonesia,Games,11.0,27.0,64489000.0,193500.0,3100000.0,200000.0,2014.0,Mar
392,CookieSwirlC,20100000,23353115850.0,CookieSwirlC,3774,United States,Games,108.0,28.0,221702000.0,665100.0,10600000.0,200000.0,2013.0,Nov
396,Pencilmation,20100000,11317309935.0,Pencilmation,1481,United States,Entertainment,109.0,104.0,14862000.0,44600.0,713400.0,100000.0,2007.0,Feb
397,7clouds,20100000,14816075927.0,7clouds,2384,United States,Music,108.0,95.0,276751000.0,830300.0,13300000.0,300000.0,2013.0,May
398,5-Minute Crafts PLAY,20100000,6119294270.0,5-Minute Crafts PLAY,5491,United States,Howto,108.0,12.0,105784000.0,317400.0,5100000.0,100000.0,2017.0,Oct
399,Marvel Entertainment,20100000,5634695322.0,MarvelEntertainment,1,United States,Film,6143.0,4024.0,63.0,0.19,3.0,30.0,2011.0,May
403,Gordon Ramsay,20000000,3875172235.0,Gordon Ramsay,1527,United Kingdom,Entertainment,16.0,104.0,39228000.0,117700.0,1900000.0,200000.0,2006.0,Apr
406,Gusttavo Lima Oficial,19900000,13917423958.0,Gusttavo Lima Oficial,416,Brazil,Music,21.0,97.0,214803000.0,644400.0,10300000.0,100000.0,2010.0,Nov
408,Crafty Panda,19800000,5759442450.0,Crafty Panda,760,United States,Entertainment,111.0,105.0,6137000.0,18400.0,294600.0,100000.0,2017.0,Dec
413,Britain's Got Talent,19700000,11323617496.0,Britain's Got Talent,4225,United Kingdom,Entertainment,17.0,106.0,54192000.0,162600.0,2600000.0,100000.0,2008.0,Apr
416,Sony AATH,19600000,13930021471.0,Sony AATH,18661,United States,Entertainment,112.0,106.0,274212000.0,822600.0,13200000.0,300000.0,2013.0,Nov
417,tabii Urdu,19600000,8779729549.0,tabii Urdu,1306,Turkey,Entertainment,3.0,107.0,110806000.0,332400.0,5300000.0,100000.0,2020.0,Apr
418,DaFuq!?Boom!,19600000,7906181776.0,DaFuq!?Boom!,214,United States,Entertainment,112.0,106.0,2304000000.0,6900000.0,110600000.0,6700000.0,2016.0,Jun
421,DLS News,19400000,2255542592.0,DLS News,4750,India,News,74.0,8.0,32111000.0,96300.0,1500000.0,100000.0,2017.0,Jul
422,JukiLop,19400000,1577859332.0,JukiLop,85,Mexico,People,14.0,22.0,2382000.0,7100.0,114300.0,100000.0,2017.0,Sep
423,etvteluguindia,19400000,23038014291.0,etvteluguindia,125974,India,Entertainment,75.0,109.0,272917000.0,818800.0,13100000.0,200000.0,2010.0,Mar
424,FIFA,19400000,5529131886.0,FIFA,10728,Switzerland,Sports,1.0,5.0,58863000.0,176600.0,2800000.0,100000.0,2006.0,Sep
425,Manoj  parihar,19300000,264228052.0,Manoj  parihar,335,India,Howto,75.0,14.0,37167000.0,111500.0,1800000.0,300000.0,2021.0,Mar
429,Sonotek,19200000,7590582024.0,Sonotek,8285,India,Music,77.0,98.0,28678000.0,86000.0,1400000.0,100000.0,2011.0,Jan
434,Ã½Ã½Ã½Ã½Ã½Ã½Ã½Ã½Ã½Ã½Ã½Ã½Ã½Ã½ Ã½Ã½Ã½Ã½,19000000,4924054368.0,Ã½Ã½Ã½Ã½Ã½Ã½Ã½Ã½Ã½Ã½Ã½Ã½Ã½Ã½ Ã½Ã½Ã½Ã½,60,United States,Entertainment,116.0,111.0,21587000.0,64800.0,1000000.0,100000.0,2018.0,Feb
435,SUPER SLICK SLIME SAM,19000000,7229175322.0,SUPER SLICK SLIME SAM,903,Mexico,Howto,15.0,111.0,123338000.0,370000.0,5900000.0,200000.0,2018.0,Jan
436,Wow Kidz Action,19000000,8281724393.0,Wow Kidz Action,1525,India,Entertainment,78.0,111.0,105706000.0,317100.0,5100000.0,200000.0,2017.0,Nov
437,Turma da MÃ¯Â¿Â½Ã¯Â¿Â½,19000000,13824277846.0,Turma da MÃ¯Â¿Â½Ã¯Â¿Â½,1154,Brazil,Film,22.0,27.0,76903000.0,230700.0,3700000.0,100000.0,2012.0,Jul
438,Calvin Harris,19000000,16014044618.0,Calvin Harris,79,United Kingdom,Music,18.0,99.0,102410000.0,307200.0,4900000.0,100000.0,2007.0,Feb
443,TED-Ed,18800000,3654621568.0,TED-Ed,2072,United States,Education,117.0,25.0,29874000.0,89600.0,1400000.0,100000.0,2011.0,Mar
444,Sidemen,18800000,5257834105.0,Sidemen,312,United Kingdom,Entertainment,19.0,113.0,78158000.0,234500.0,3800000.0,100000.0,2015.0,Jun
447,Farruko,18800000,9573641299.0,Farruko,217,United States,Music,117.0,100.0,97758000.0,293300.0,4700000.0,100000.0,2009.0,Oct
448,Ã½Ã½Ã½Ã½Ã½Ã½Ã½Ã½Ã½Ã½Ã½Ã½Ã½Ã½Ã½Ã½Ã½Ã½Ã½Ã½Ã½Ã½,18800000,9594188708.0,Ã½Ã½Ã½Ã½Ã½Ã½Ã½Ã½Ã½Ã½Ã½Ã½Ã½Ã½Ã½Ã½Ã½Ã½Ã½Ã½Ã½Ã½,530,Ukraine,Entertainment,2.0,113.0,68006000.0,204000.0,3300000.0,100000.0,2014.0,Oct
449,Triggered Insaan,18800000,3276891538.0,Triggered Insaan,304,India,People,79.0,24.0,109026000.0,327100.0,5200000.0,700000.0,2014.0,Jul
450,CKN,18700000,12295637162.0,cKn,16,Spain,Music,4093.0,5631.0,102.0,0.31,5.0,1.0,2005.0,Sep
452,Shemaroo Comedy,18600000,6047584292.0,Shemaroo Comedy,4487,India,Comedy,81.0,24.0,102431000.0,307300.0,4900000.0,200000.0,2007.0,Jan
453,Smile Family Spanish,18600000,7008250496.0,Smile Family Spanish,457,United States,Entertainment,118.0,115.0,43396000.0,130200.0,2100000.0,200000.0,2019.0,Jun
454,GRAMMY GOLD OFFICIAL,18600000,20196704276.0,GRAMMY GOLD OFFICIAL,6287,Thailand,Music,5.0,101.0,168597000.0,505800.0,8100000.0,100000.0,2014.0,Jan
455,Ã½Ã½Ã½Ã½Ã½Ã½Ã½Ã½ Ã½Ã½Ã½Ã½Ã½Ã½Ã½Ã½Ã½Ã½ Ã½Ã½Ã½Ã½Ã½Ã½Ã½Ã½Ã½Ã½ | Arab Games Network,18600000,8761255550.0,Ã½Ã½Ã½Ã½Ã½Ã½Ã½Ã½ Ã½Ã½Ã½Ã½Ã½Ã½Ã½Ã½Ã½Ã½ Ã½Ã½Ã½Ã½Ã½Ã½Ã½Ã½Ã½Ã½ | Arab Games Ã½Ã½Ã½,6289,Saudi Arabia,Games,3.0,31.0,43007000.0,129000.0,2100000.0,500000.0,2013.0,Nov
457,Marmok,18500000,3457618361.0,Marmok,374,Russia,Games,5.0,32.0,38282000.0,114800.0,1800000.0,100000.0,2008.0,Apr
459,Like Nastya Vlog,18500000,8147575884.0,Like Nastya Vlog,493,Russia,People,5.0,25.0,48947000.0,146800.0,2300000.0,100000.0,2016.0,Jan
460,Willie Salim,18500000,4051072188.0,Willie Salim,679,Indonesia,People,13.0,25.0,197369000.0,592100.0,9500000.0,1600000.0,2014.0,Jan
463,RsiamMusic : Ã¯Â¿Â½Ã¯Â¿Â½Ã¯Â¿Â½Ã¯Â¿Â½Ã¯Â¿Â½Ã¯Â¿Â½Ã¯Â¿Â½Ã¯Â¿Â½,18400000,11544297793.0,RsiamMusic : Ã¯Â¿Â½Ã¯Â¿Â½Ã¯Â¿Â½Ã¯Â¿Â½Ã¯Â¿Â½Ã¯Â¿Â½Ã¯Â¿Â½Ã¯Â¿Â½,3159,Thailand,Music,6.0,103.0,54133000.0,162400.0,2600000.0,100000.0,2011.0,Mar
467,Miley Cyrus,18300000,7760819588.0,Miley Cyrus,142,United States,Entertainment,121.0,117.0,127982000.0,383900.0,6100000.0,100000.0,2009.0,Sep
468,IShowSpeed,18300000,1556003039.0,IShowSpeed,1324,United States,Games,120.0,33.0,140261000.0,420800.0,6700000.0,800000.0,2016.0,Mar
472,Jake Fellman,18100000,13378360425.0,Jake Fellman,420,United States,Entertainment,122.0,118.0,497044000.0,1500000.0,23900000.0,700000.0,2012.0,Oct
474,SQUEEZIE,18100000,9983065083.0,SQUEEZIE,1521,France,Entertainment,1.0,119.0,48099000.0,144300.0,2300000.0,100000.0,2011.0,Jan
475,Blippi - Educational Videos for Kids,18100000,14857290259.0,Blippi - Educational Videos for Kids,707,United States,Education,123.0,26.0,180412000.0,541200.0,8700000.0,300000.0,2014.0,Jan
478,Manual do Mundo,18000000,3980991248.0,Manual do Mundo,2470,Brazil,Tech,26.0,8.0,54766000.0,164300.0,2600000.0,100000.0,2006.0,Jul
479,How Ridiculous,18000000,9601137077.0,How Ridiculous,650,Australia,Sports,5.0,6.0,391298000.0,1200000.0,18800000.0,600000.0,2009.0,Sep
482,SonyMusicSouthVEVO,18000000,17921124985.0,SonyMusicSouthVEVO,5692,United States,Music,123.0,104.0,257597000.0,772800.0,12400000.0,100000.0,2014.0,Jul
485,David Dobrik,17900000,7176572299.0,David Dobrik,536,United States,People,125.0,28.0,8650000.0,26000.0,415200.0,100000.0,2014.0,Dec
486,KatieAngel,17900000,3841205465.0,KatieAngel,982,United States,Music,125.0,106.0,51687000.0,155100.0,2500000.0,100000.0,2015.0,May
487,RobleisIUTU,17900000,5168721499.0,RobleisIUTU,1344,Argentina,Games,9.0,35.0,27545000.0,82600.0,1300000.0,100000.0,2013.0,Apr
490,Like Nastya VNM,17900000,9867515979.0,Like Nastya VNM,602,Vietnam,Entertainment,1.0,121.0,84467000.0,253400.0,4100000.0,100000.0,2019.0,Nov
491,Jason Derulo,17900000,9887116267.0,Jason Derulo,830,United States,Music,124.0,105.0,447891000.0,1300000.0,21500000.0,400000.0,2008.0,Jul
492,MGC Playhouse,17900000,16174530046.0,MGC Playhouse,1426,United States,Education,125.0,27.0,102621000.0,307900.0,4900000.0,100000.0,2009.0,Feb
494,Priyal Kukreja,17800000,11057945183.0,Priyal Kukreja,772,India,People,83.0,29.0,431390000.0,1300000.0,20700000.0,900000.0,2021.0,Apr
495,MSA previously My Story Animated,17800000,8588704539.0,MSA Previously My Story Animated,26,United States,People,5208.0,4978.0,20708.0,62.0,994.0,2960.0,2021.0,Nov
496,Ã½Ã½Ã½Ã½Ã½Ã½Ã½Ã½Ã½ KIMPRO,17700000,19206701832.0,Ã½Ã½Ã½Ã½Ã½Ã½Ã½Ã½Ã½ KIMPRO,1646,South Korea,People,9.0,26.0,3404000000.0,10200000.0,163400000.0,3200000.0,2017.0,Nov
499,jaanvi patel,17700000,7912733203.0,jaanvi patel,512,India,People,84.0,30.0,346753000.0,1000000.0,16600000.0,900000.0,2018.0,Jul
500,tanboy kun,17700000,3647267655.0,tanboy kun,739,Indonesia,Entertainment,17.0,122.0,48174000.0,144500.0,2300000.0,100000.0,2016.0,Oct
503,News 24,17700000,8396875537.0,24 Ã¯Â¿Â½Ã¯Â¿Â½Ã¯Â¿Â½Ã¯,211620,Ukraine,News,24.0,112.0,370779000.0,1100000.0,17800000.0,230000.0,2006.0,Feb
504,Les' Copaque Production,17700000,9059696049.0,Les' Copaque Production,1716,Malaysia,Entertainment,1.0,123.0,117727000.0,353200.0,5700000.0,200000.0,2009.0,Nov
505,El Payaso Plim Plim,17700000,17247584185.0,El Payaso Plim Plim,1316,Argentina,Music,10.0,107.0,640030000.0,1900000.0,30700000.0,600000.0,2013.0,Oct
507,MissaSinfonia,17600000,2274007523.0,MissaSinfonia,233,Mexico,Comedy,17.0,25.0,27445000.0,82300.0,1300000.0,100000.0,2011.0,Jan
508,Ã½Ã½Ã½Ã½Ã½Ã½Ã½Ã½Ã½ Liziqi,17600000,2977741577.0,Ã½Ã½Ã½Ã½Ã½Ã½Ã½Ã½Ã½ Liziqi,128,China,Howto,1.0,16.0,22354000.0,67100.0,1100000.0,100000.0,2017.0,Aug
510,DeGoBooM,17600000,6306204566.0,DeGoBooM,4702,Chile,Games,3.0,36.0,100215000.0,300600.0,4800000.0,500000.0,2014.0,Feb
513,News18 India,17500000,7263619576.0,News18 India,182742,India,News,85.0,10.0,394106000.0,1200000.0,18900000.0,700000.0,2007.0,Oct
514,Fun For Kids TV - Hindi Rhymes,17500000,7612385622.0,Fun For Kids TV - Hindi Rhymes,149,India,Entertainment,86.0,124.0,109847000.0,329500.0,5300000.0,300000.0,2017.0,Sep
516,Aphmau,17400000,17763586483.0,Aphmau,4411,United States,Games,129.0,37.0,439870000.0,1300000.0,21100000.0,400000.0,2012.0,Aug
517,AMARINTV : Ã¯Â¿Â½Ã¯Â¿Â½Ã¯Â¿Â½Ã¯Â¿Â½Ã¯Â¿Â½Ã¯Â¿Â½Ã¯Â¿Â½Ã¯Â¿Â½Ã¯Â¿Â½Ã¯Â¿Â½Ã¯Â¿Â½Ã¯Â¿Â½,17400000,13043561912.0,AMARINTV : Ã¯Â¿Â½Ã¯Â¿Â½Ã¯Â¿Â½Ã¯Â¿Â½Ã¯Â¿Â½Ã¯Â¿Â½Ã¯Â¿Â½Ã¯Â¿Â½Ã¯Â¿Â½Ã¯Â¿Â½Ã¯Â¿Â½Ã¯Â¿Â½,118448,Thailand,News,8.0,11.0,235993000.0,708000.0,11300000.0,200000.0,2014.0,Feb
520,Apple,17300000,1026425106.0,Apple,180,United States,Tech,130.0,9.0,46484000.0,139500.0,2200000.0,100000.0,2005.0,Jun
522,Taarak Mehta Ka Ooltah Chashmah,17300000,11371738047.0,Taarak Mehta Ka Ooltah Chashmah,4778,India,Entertainment,87.0,125.0,331944000.0,995800.0,15900000.0,300000.0,2014.0,Aug
525,Marques Brownlee,17200000,3606912471.0,Marques Brownlee,1567,United States,Tech,131.0,10.0,52325000.0,157000.0,2500000.0,100000.0,2008.0,Mar
528,El Reino a Jugar,17200000,11445492404.0,El Reino a Jugar,1007,Argentina,Education,11.0,28.0,83709000.0,251100.0,4000000.0,100000.0,2015.0,Mar
530,TheBrianMaps,17100000,4448334716.0,TheBrianMaps,498,Russia,Entertainment,6.0,126.0,37164000.0,111500.0,1800000.0,100000.0,2012.0,Jun
531,TRANS TV Official,17100000,9710962528.0,TRANS TV Official,148225,Indonesia,Entertainment,18.0,127.0,45811000.0,137400.0,2200000.0,100000.0,2014.0,Sep
533,Queen Official,17000000,10847948832.0,Queen Official,1015,United Kingdom,Music,21.0,112.0,93768000.0,281300.0,4500000.0,100000.0,2008.0,Jul
534,Prajapati News,17000000,1001465469.0,Prajapati News,1407,India,Entertainment,89.0,128.0,7626000.0,22900.0,366100.0,100000.0,2013.0,Mar
537,Pop Chartbusters,16900000,8684010451.0,Pop Chartbusters,2235,India,Music,90.0,113.0,72911000.0,218700.0,3500000.0,200000.0,2011.0,Aug
540,VICE,16900000,4609753237.0,VICE,3900,United States,Entertainment,134.0,129.0,36357000.0,109100.0,1700000.0,100000.0,2005.0,Dec
542,Danny Fitt,16900000,9544277833.0,Danny Fitt,2337,United States,Entertainment,134.0,129.0,275264000.0,825800.0,13200000.0,700000.0,2016.0,Dec
543,Bispo Bruno Leonardo,16900000,3523578665.0,Bispo Bruno Leonardo,4891,Brazil,Nonprofit,29.0,2.0,149543000.0,448600.0,7200000.0,400000.0,2016.0,Apr
547,Like Nastya IDN,16800000,7195314800.0,Like Nastya IDN,502,Indonesia,Entertainment,19.0,130.0,42836000.0,128500.0,2100000.0,100000.0,2019.0,Nov
548,Gato Galactico | GALÃ¯Â¿Â½Ã¯Â¿,16800000,3693798804.0,Gato Galactico | GALÃ¯Â¿Â½Ã¯Â¿,1491,Brazil,Entertainment,30.0,130.0,44121000.0,132400.0,2100000.0,100000.0,2013.0,Apr
550,CoryxKenshin,16700000,7102965621.0,CoryxKenshin,1693,United States,Games,135.0,39.0,105114000.0,315300.0,5000000.0,200000.0,2009.0,Apr
551,With Kids[Ã¯Â¿Â½Ã¯Â¿Â½Ã¯Â¿Â½Ã¯Â¿Â½Ã¯,16700000,8826138204.0,With Kids[Ã¯Â¿Â½Ã¯Â¿Â½Ã¯Â¿Â½Ã¯Â¿Â½Ã¯,920,United States,Entertainment,135.0,130.0,45698000.0,137100.0,2200000.0,100000.0,2012.0,Jul
554,Ivana Alawi,16600000,1318442641.0,Ivana Alawi,180,Philippines,People,5.0,36.0,15079000.0,45200.0,723800.0,100000.0,2018.0,Jun
557,NMF News,16600000,7435180827.0,NMF News,112261,India,News,91.0,12.0,59201000.0,177600.0,2800000.0,100000.0,2013.0,Oct
558,SriBalajiMovies,16600000,9439857193.0,SriBalajiMovies,20102,India,Entertainment,91.0,132.0,154049000.0,462100.0,7400000.0,200000.0,2011.0,Sep
559,Lahari Music - TSeries,16600000,11946217860.0,Lahari Music - TSeries,8976,India,Music,91.0,115.0,89012000.0,267000.0,4300000.0,100000.0,2011.0,Nov
560,Younes Zarou,16600000,15278668857.0,Younes Zarou,2200,Germany,Entertainment,4.0,131.0,617257000.0,1900000.0,29600000.0,900000.0,2021.0,May
561,Jordan Matter,16600000,5819508534.0,Jordan Matter,413,United States,Entertainment,136.0,132.0,199033000.0,597100.0,9600000.0,300000.0,2006.0,Dec
562,Ã½Ã½Ã½Ã½Ã½Ã½Ã½Ã½ Ã½Ã½Ã½Ã½Ã½Ã½Ã½Ã½Ã½Ã½Ã½Ã½Ã½Ã½Ã½Ã½Ã½Ã½Ã½Ã½Ã½Ã½,16500000,2440934034.0,Ã½Ã½Ã½Ã½Ã½Ã½Ã½Ã½ Ã½Ã½Ã½Ã½Ã½Ã½Ã½Ã½Ã½Ã½Ã½Ã½Ã½Ã½Ã½Ã½Ã½Ã½Ã½Ã½Ã½Ã½,421,United States,Entertainment,137.0,133.0,21953000.0,65900.0,1100000.0,200000.0,2014.0,Mar
563,FailArmy,16500000,3037260680.0,FailArmy,438,United States,Entertainment,137.0,133.0,112986000.0,339000.0,5400000.0,100000.0,2011.0,Jul
564,BBC News Hindi,16500000,7043235131.0,BBC News Hindi,21243,India,News,92.0,13.0,131202000.0,393600.0,6300000.0,300000.0,2009.0,Sep
568,UFC - Ultimate Fighting Championship,16400000,7135820721.0,UFC - Ultimate Fighting Championship,14662,United States,Sports,138.0,7.0,133208000.0,399600.0,6400000.0,100000.0,2006.0,Mar
569,Ch7HD,16400000,9463244435.0,Ch7HD,56203,Thailand,Entertainment,9.0,134.0,87757000.0,263300.0,4200000.0,100000.0,2010.0,May
572,GMMTV OFFICIALÃ¯Â¿Â½Ã¯Â¿Â½,16400000,12844432341.0,GMMTV OFFICIALÃ¯Â¿Â½Ã¯Â¿Â½,23952,Thailand,Entertainment,9.0,134.0,181382000.0,544100.0,8700000.0,200000.0,2010.0,Sep
575,Camila Cabello,16300000,6613422635.0,Camila Cabello,80,United States,Music,139.0,117.0,42704000.0,128100.0,2000000.0,100000.0,2015.0,Aug
579,Bollywood Classics,16300000,7141825267.0,Bollywood Classics,1444,India,Music,93.0,116.0,151477000.0,454400.0,7300000.0,300000.0,2011.0,Oct
580,Technoblade,16300000,1656452554.0,Technoblade,989,United States,Games,138.0,40.0,17944000.0,53800.0,861300.0,200000.0,2013.0,Oct
584,T3ddy,16200000,2990185467.0,T3ddy,1930,Brazil,People,31.0,38.0,33015000.0,99000.0,1600000.0,100000.0,2012.0,Jan
585,JJ Olatunji,16200000,4076692623.0,JJ Olatunji,1294,United Kingdom,Entertainment,23.0,136.0,27808000.0,83400.0,1300000.0,100000.0,2011.0,Jan
586,POPS Kids,16200000,9763592867.0,POPS Kids,3943,Vietnam,Film,2.0,30.0,256733000.0,770200.0,12300000.0,200000.0,2014.0,Jan
587,Thairath Online,16200000,14563841315.0,Thairath Online,244899,Thailand,News,10.0,14.0,224756000.0,674300.0,10800000.0,100000.0,2010.0,Sep
588,LEGO,16200000,20522339099.0,LEGO,31889,Singapore,Entertainment,1.0,136.0,117209000.0,351600.0,5600000.0,200000.0,2005.0,Oct
589,XO TEAM,16200000,14784781923.0,XO TEAM Family,189,United States,People,1776.0,1495.0,37911.0,114.0,1800.0,1000.0,2020.0,Sep
594,Vlad and Niki ARA,16100000,7399296005.0,Vlad and Niki ARA,510,United States,Entertainment,141.0,137.0,32011000.0,96000.0,1500000.0,100000.0,2019.0,May
597,Daily Dose Of Internet,16100000,6872702790.0,Daily Dose Of Internet,671,United States,Entertainment,140.0,136.0,399807000.0,1200000.0,19200000.0,300000.0,2015.0,Jul
598,FitDance,16100000,7126210721.0,Fitdance Academy,41,France,Entertainment,3726.0,6335.0,780.0,2.0,37.0,4.0,2006.0,Nov
599,Panda Shorts,16100000,7155736006.0,Panda Shorts,667,Sweden,Sports,2.0,8.0,478528000.0,1400000.0,23000000.0,3000000.0,2020.0,Nov
600,Disney Junior,16100000,15812009296.0,Disney Junior,4045,United States,Entertainment,140.0,136.0,267131000.0,801400.0,12800000.0,300000.0,2008.0,Apr
606,Totoy kids - EspaÃ¯Â¿Â½Ã¯,16000000,5997599089.0,Totoy kids - EspaÃ¯Â¿Â½Ã¯,344,Mexico,Film,23.0,31.0,112393000.0,337200.0,5400000.0,200000.0,2017.0,Sep
610,Lyna,15900000,6534326412.0,Lyna,4906,Argentina,Games,12.0,43.0,64085000.0,192300.0,3100000.0,200000.0,2014.0,Sep
611,MK MUSIC,15900000,9198986881.0,MK MUSIC,5105,Brazil,Music,33.0,120.0,136388000.0,409200.0,6500000.0,100000.0,2010.0,Jan
612,Unspeakable,15900000,9052367553.0,Unspeakable,796,United States,People,142.0,40.0,164895000.0,494700.0,7900000.0,200000.0,2016.0,May
613,Camilo,15900000,6802382479.0,Camilo,132,Colombia,Music,8.0,120.0,59890000.0,179700.0,2900000.0,100000.0,2010.0,Jul
614,Dear Sir,15800000,1349288771.0,Dear Sir,633,India,Education,95.0,31.0,24056000.0,72200.0,1200000.0,200000.0,2016.0,Dec
615,Narendra Modi,15800000,3392918989.0,Narendra Modi,20679,India,News,96.0,15.0,185969000.0,557900.0,8900000.0,700000.0,2007.0,Oct
616,Arif muhammad,15800000,4122634467.0,Arif muhammad,542,Indonesia,Comedy,22.0,26.0,71870000.0,215600.0,3400000.0,100000.0,2017.0,Jan
617,Rotten Tomatoes Trailers,15800000,13116313599.0,Rotten Tomatoes Trailers,10441,United States,Film,143.0,32.0,25738000.0,77200.0,1200000.0,100000.0,2011.0,Apr
619,DM - Desi Melodies,15700000,5914071870.0,DM - Desi Melodies,79,India,Music,97.0,121.0,141842000.0,425500.0,6800000.0,300000.0,2017.0,Jul
620,MY FAMILY,15700000,6153495609.0,My Family,150,Singapore,People,1203.0,3244.0,939647.0,2800.0,45100.0,800.0,2019.0,Dec
622,Zee Music Classic,15700000,5558051295.0,Zee Music Classic,1640,India,Music,97.0,121.0,86450000.0,259300.0,4100000.0,100000.0,2014.0,May
623,Prime Video India,15700000,8696631898.0,Prime Video India,7090,United States,Entertainment,144.0,139.0,335111000.0,1000000.0,16100000.0,1200000.0,2016.0,Oct
626,Linus Tech Tips,15600000,7172386509.0,Linus Tech Tips,6542,Canada,Tech,7.0,11.0,88224000.0,264700.0,4200000.0,100000.0,2008.0,Nov
627,Juliana Baltar,15600000,3869457097.0,Juliana Baltar,2019,Brazil,Entertainment,34.0,140.0,56218000.0,168700.0,2700000.0,100000.0,2010.0,May
629,Blippi EspaÃ¯Â¿Â½Ã¯,15500000,8984089026.0,Blippi EspaÃ¯Â¿Â½Ã¯,598,Mexico,Education,24.0,32.0,90012000.0,270000.0,4300000.0,100000.0,2017.0,Jan
631,Katakit Baby TV,15500000,6386271870.0,Katakit Baby TV,220,Saudi Arabia,Music,4.0,122.0,90914000.0,272700.0,4400000.0,200000.0,2010.0,Jul
632,Infobells Bangla,15500000,7776706184.0,Infobells Bangla,359,India,Education,98.0,32.0,167888000.0,503700.0,8100000.0,300000.0,2016.0,Jun
633,Ã½Ã½Ã½Ã½Ã½Ã½Ã½Ã½ Ã½Ã½ Ã½Ã½Ã½Ã½Ã½Ã½Ã½Ã½,15500000,8265129639.0,Ã½Ã½Ã½Ã½Ã½Ã½Ã½Ã½ Ã½Ã½ Ã½Ã½Ã½Ã½Ã½Ã½Ã½Ã½,1021,Saudi Arabia,Film,4.0,33.0,135036000.0,405100.0,6500000.0,300000.0,2017.0,May
636,Kashvi Adlakha,15500000,12714141740.0,Kashvi Adlakha,1525,India,Entertainment,99.0,141.0,139123000.0,417400.0,6700000.0,200000.0,2017.0,Apr
638,Ã½Ã½Ã½Ã½Ã½Ã½Ã½Ã½ Ã½Ã½Ã½Ã½Ã½Ã½Ã½Ã½Ã½Ã½Ã½Ã½Ã½Ã½ Ã½Ã½Ã½Ã½ 5 Ã½Ã½Ã½Ã½Ã½Ã½Ã½Ã½Ã½Ã½,15500000,4499826716.0,Ã½Ã½Ã½Ã½Ã½Ã½Ã½Ã½ Ã½Ã½Ã½Ã½Ã½Ã½Ã½Ã½Ã½Ã½Ã½Ã½Ã½Ã½ Ã½Ã½Ã½Ã½ 5 Ã½Ã½Ã½Ã½Ã½Ã½Ã½Ã½Ã½Ã½,5183,Egypt,Howto,1.0,22.0,32916000.0,98700.0,1600000.0,100000.0,2017.0,Dec
639,Harsh Beniwal,15400000,1781226000.0,Harsh Beniwal,165,India,Comedy,100.0,27.0,27963000.0,83900.0,1300000.0,100000.0,2015.0,May
640,FFUNTV,15400000,11513738907.0,FFUNTV,379,United Arab Emirates,Entertainment,6.0,141.0,80172000.0,240500.0,3800000.0,200000.0,2018.0,Jul
641,Mobile Legends: Bang Bang,15400000,1543608082.0,Mobile Legends: Bang Bang,1647,United States,Games,147.0,45.0,55369000.0,166100.0,2700000.0,100000.0,2016.0,Jul
643,Mrwhosetheboss,15400000,3736069980.0,Mrwhosetheboss,1577,United Kingdom,Tech,24.0,12.0,167697000.0,503100.0,8000000.0,400000.0,2011.0,Apr
644,Genierock,15400000,14564170905.0,Genierock,1725,Thailand,Music,11.0,124.0,82798000.0,248400.0,4000000.0,100000.0,2008.0,Mar
645,zayn,15400000,4909687948.0,zayn,21,United States,Music,147.0,124.0,36790000.0,110400.0,1800000.0,100000.0,2016.0,Jan
647,FC Barcelona,15300000,2656528205.0,FC Barcelona,10988,Spain,Sports,11.0,9.0,84867000.0,254600.0,4100000.0,200000.0,2006.0,Feb
650,ILYA BORZOV,15300000,9938811455.0,ILYA BORZOV,2175,Russia,People,8.0,42.0,475565000.0,1400000.0,22800000.0,800000.0,2021.0,Apr
651,Mazhavil Manorama,15300000,16545966132.0,Mazhavil Manorama,87864,India,Entertainment,100.0,142.0,361483000.0,1100000.0,17400000.0,300000.0,2011.0,Oct
652,PokÃ¯Â¿Â½Ã¯Â¿Â½Ã¯Â¿Â½Ã¯Â¿Â½Ã¯Â¿Â½Ã¯Â¿Â½Ã¯Â¿Â½Ã¯Â¿Â½Ã¯Â¿Â½,15200000,857725714.0,PokÃ¯Â¿Â½Ã¯Â¿Â½Ã¯Â¿Â½Ã¯Â¿Â½Ã¯Â¿Â½Ã¯Â¿Â½Ã¯Â¿Â½Ã¯Â¿Â½Ã¯Â¿Â½,194,India,Film,100.0,35.0,65380000.0,196100.0,3100000.0,1300000.0,2017.0,Oct
653,The MriDul,15200000,4503880875.0,The MriDul,106,India,Comedy,102.0,28.0,98329000.0,295000.0,4700000.0,200000.0,2015.0,Mar
655,SRK MUSIC,15200000,6391679636.0,SRK MUSIC,5056,India,Music,102.0,126.0,57809000.0,173400.0,2800000.0,200000.0,2012.0,Mar
656,Sony LIV,15200000,7151683497.0,Sony LIV,11099,India,Entertainment,102.0,144.0,210909000.0,632700.0,10100000.0,300000.0,2014.0,May
657,T-Series Hamaar Bhojpuri,15200000,7564652648.0,T-Series Hamaar Bhojpuri,9862,India,Music,101.0,125.0,105978000.0,317900.0,5100000.0,200000.0,2011.0,Nov
659,CNN,15200000,14198154095.0,CNN,160405,United States,News,148.0,16.0,187006000.0,561000.0,9000000.0,100000.0,2005.0,Oct
660,NDTV India,15200000,6624168155.0,NDTV India,91704,India,News,101.0,16.0,49662000.0,149000.0,2400000.0,100000.0,2008.0,Jan
663,Daftar Populer,15100000,2143140898.0,Daftar Populer,3810,Indonesia,Entertainment,24.0,144.0,17231000.0,51700.0,827100.0,100000.0,2017.0,Jan
666,PowerfulJRE,15100000,3060202847.0,PowerfulJRE,1037,United States,People,149.0,43.0,43409000.0,130200.0,2100000.0,200000.0,2013.0,Jan
670,Mohamed Ramadan I Ã¯Â¿Â½Ã¯Â¿Â½Ã¯Â¿Â½Ã¯Â¿Â½Ã¯Â¿Â½Ã¯Â¿Â½Ã¯,15100000,5324913850.0,Mohamed Ramadan I Ã¯Â¿Â½Ã¯Â¿Â½Ã¯Â¿Â½Ã¯Â¿Â½Ã¯Â¿Â½Ã¯Â¿Â½Ã¯,753,Egypt,Entertainment,2.0,145.0,46060000.0,138200.0,2200000.0,100000.0,2014.0,Oct
671,EdisonPts,15100000,6668507856.0,EdisonPts,3733,Russia,Games,10.0,47.0,95603000.0,286800.0,4600000.0,100000.0,2013.0,Jun
673,RubÃ¯Â¿Â½Ã¯Â¿Â½Ã¯Â¿Â½Ã¯Â¿Â½Ã¯Â¿Â½Ã¯Â¿Â½,15100000,9477021288.0,RubÃ¯Â¿Â½Ã¯Â¿Â½Ã¯Â¿Â½Ã¯Â¿Â½Ã¯Â¿Â½Ã¯Â¿Â½,921,Argentina,Comedy,13.0,28.0,512343000.0,1500000.0,24600000.0,700000.0,2016.0,Aug
674,ABS-CBN News,15100000,10489367372.0,ABS-CBN News,209520,Philippines,News,7.0,17.0,181644000.0,544900.0,8700000.0,100000.0,2009.0,Oct
675,Chapitosiki,15100000,13897932103.0,Chapitosiki,2717,Russia,Entertainment,9.0,143.0,713509000.0,2100000.0,34200000.0,700000.0,2020.0,Jan
676,AdeleVEVO,15100000,12413869881.0,AdeleVEVO,52,United Kingdom,Music,25.0,127.0,84750000.0,254300.0,4100000.0,100000.0,2009.0,Oct
677,MoreAliA,15000000,4352427049.0,MoreAliA,2324,United Kingdom,Games,25.0,47.0,250995000.0,753000.0,12000000.0,600000.0,2013.0,May
678,Chetan Monga Vlogs,15000000,9924103188.0,Chetan Monga Vlogs,899,India,People,104.0,45.0,113572000.0,340700.0,5500000.0,400000.0,2014.0,Aug
682,XpressTV,15000000,4008801873.0,XpressTV,724,Mexico,Entertainment,26.0,146.0,33880000.0,101600.0,1600000.0,100000.0,2014.0,Nov
683,PlayStation,15000000,4741434420.0,PlayStation,20292,United States,Games,151.0,48.0,41789000.0,125400.0,2000000.0,100000.0,2005.0,Dec
684,Kwebbelkop,15000000,6889304306.0,Kwebbelkop,5198,United States,Film,151.0,37.0,29724000.0,89200.0,1400000.0,100000.0,2008.0,Apr
686,THE BROWN SIBLINGS,15000000,8658553456.0,THE BROWN SIBLINGS,965,India,Entertainment,103.0,145.0,102357000.0,307100.0,4900000.0,200000.0,2016.0,Oct
687,Sony Music South,15000000,9978734160.0,Sony Music South,2726,India,Music,103.0,127.0,242185000.0,726600.0,11600000.0,300000.0,2014.0,Aug
689,Ray William Johnson,15000000,10239836582.0,Ray William Johnson,1803,United States,Comedy,151.0,29.0,312858000.0,938600.0,15000000.0,200000.0,2008.0,May
690,KOMPASTV,15000000,11827310821.0,KOMPASTV,269050,Indonesia,News,25.0,17.0,113064000.0,339200.0,5400000.0,100000.0,2013.0,Aug
691,ISSEI / Ã¯Â¿Â½Ã¯Â¿Â½Ã¯Â¿Â½Ã¯Â¿Â½,15000000,13562853889.0,ISSEI / Ã¯Â¿Â½Ã¯Â¿Â½Ã¯Â¿Â½Ã¯Â¿Â½,1788,Japan,Comedy,5.0,29.0,282372000.0,847100.0,13600000.0,900000.0,2014.0,Jul
693,A2 Motivation by Arvind Arora,15000000,8932038210.0,A2 Motivation by Arvind Arora,3168,India,Entertainment,104.0,146.0,130731000.0,392200.0,6300000.0,200000.0,2017.0,Apr
694,50 Cent,14900000,10069000444.0,50 Cent,419,United States,Music,152.0,129.0,119812000.0,359400.0,5800000.0,100000.0,2007.0,Feb
695,MNCTV OFFICIAL,14900000,8074260978.0,MNCTV OFFICIAL,66362,Indonesia,Entertainment,26.0,146.0,43581000.0,130700.0,2100000.0,100000.0,2012.0,Nov
697,melanie martinez,14900000,4395184343.0,melanie martinez,127,United States,Music,152.0,129.0,56358000.0,169100.0,2700000.0,100000.0,2007.0,Nov
698,iTownGamePlay *Terror&DiversiÃ¯Â¿Â½Ã¯,14900000,4977284539.0,iTownGamePlay *Terror&DiversiÃ¯Â¿Â½Ã¯,8420,Spain,Games,13.0,49.0,13857000.0,41600.0,665200.0,100000.0,2012.0,Feb
699,Ã½Ã½Ã½Ã½Ã½Ã½Ã½Ã½Ã½Ã½Ã½Ã½8 : Thai Ch8,14900000,5549770244.0,Ã½Ã½Ã½Ã½Ã½Ã½Ã½Ã½Ã½Ã½Ã½Ã½8 : Thai Ch8,27944,Thailand,Entertainment,12.0,147.0,49556000.0,148700.0,2400000.0,100000.0,2011.0,Oct
702,TazerCraft,14900000,5956193599.0,TazerCraft,4175,Brazil,Games,37.0,49.0,39775000.0,119300.0,1900000.0,100000.0,2011.0,Jul
703,Bayashi TV,14900000,8615618825.0,Ã½Ã½Ã½Ã½Ã½Ã½Ã½Ã½Ã½Ã½Ã½Ã½Ã½Ã½Ã½Ã½Ã½Ã½BAYASHITV,93,Japan,Autos,3508.0,3271.0,2477.0,7.0,119.0,9.0,2012.0,Nov
712,Beast Philanthropy,14800000,272678287.0,Beast Philanthropy,34,Germany,Games,2600.0,4443.0,37883.0,114.0,1800.0,3580.0,2015.0,Jan
713,Filaretiki,14800000,15788208522.0,Filaretiki,2222,United States,People,152.0,46.0,1203000000.0,3600000.0,57800000.0,1700000.0,2021.0,Mar
717,Canal Nostalgia,14700000,1506796393.0,Canal Nostalgia TV,554,Spain,Entertainment,1549.0,2275.0,226420.0,679.0,10900.0,600.0,2010.0,Feb
719,StudyIQ IAS,14700000,4029253667.0,StudyIQ IAS,43564,India,Education,106.0,36.0,74483000.0,223400.0,3600000.0,200000.0,2015.0,Jun
720,Chad Wild Clay,14700000,6751985988.0,Chad Wild Clay,698,United States,Entertainment,154.0,149.0,36338000.0,109000.0,1700000.0,100000.0,2006.0,Mar
722,Netflix Jr.,14700000,8882319696.0,Netflix Jr.,1996,United States,Education,154.0,36.0,79402000.0,238200.0,3800000.0,100000.0,2012.0,Jan
723,Colors Rishtey,14700000,12362331529.0,Colors Rishtey,23490,India,Entertainment,105.0,148.0,347603000.0,1000000.0,16700000.0,400000.0,2013.0,Nov
724,ABC News,14700000,12961669452.0,ABC News,80830,United States,News,154.0,18.0,185709000.0,557100.0,8900000.0,100000.0,2006.0,Aug
725,Camila Loures,14700000,4684983333.0,Camila Loures,3978,Brazil,Entertainment,39.0,149.0,40975000.0,122900.0,2000000.0,100000.0,2014.0,May
726,Doc Tops,14600000,2613197447.0,Doc Tops,490,Ecuador,Entertainment,1.0,150.0,16409000.0,49200.0,787600.0,100000.0,2014.0,Dec
728,Jesser,14600000,3603556207.0,Jesser,1244,United States,Entertainment,155.0,150.0,92594000.0,277800.0,4400000.0,400000.0,2012.0,Jul
730,PrestonPlayz,14600000,5766647017.0,Preston,4009,United States,Entertainment,78.0,72.0,151697000.0,455100.0,7300000.0,200000.0,2012.0,Jul
732,O Reino Infantil,14600000,11182302317.0,O Reino Infantil,1206,Brazil,Music,40.0,131.0,109865000.0,329600.0,5300000.0,100000.0,2014.0,Aug
734,Mis Pastelitos,14600000,2750902766.0,Mis Pastelitos,603,Mexico,Music,27.0,131.0,50677000.0,152000.0,2400000.0,100000.0,2014.0,Jun
735,Noman Official,14600000,5525773746.0,Noman Official,560,India,Film,106.0,38.0,139116000.0,417300.0,6700000.0,500000.0,2019.0,Oct
739,Lotus Music,14500000,1739129375.0,Lotus Music,514,India,Tech,107.0,13.0,23034000.0,69100.0,1100000.0,100000.0,2021.0,Jun
742,BBC News,14500000,4598387043.0,BBC News,18972,United Kingdom,News,26.0,19.0,66273000.0,198800.0,3200000.0,100000.0,2006.0,Apr
743,Eli Kids - Cartoons & Songs,14500000,4821183481.0,Eli Kids - Cartoons & Songs,605,United States,Music,156.0,132.0,149241000.0,447700.0,7200000.0,400000.0,2018.0,Jan
745,Aadishakti Films,14500000,6290721701.0,Aadishakti Films,4790,India,Music,107.0,132.0,48447000.0,145300.0,2300000.0,200000.0,2016.0,Oct
747,GMM25Thailand,14500000,9383692066.0,GMM25Thailand,68606,Thailand,Entertainment,13.0,151.0,45622000.0,136900.0,2200000.0,100000.0,2011.0,Jun
748,TV9 Bharatvarsh,14500000,10303519926.0,TV9 Bharatvarsh,293516,India,News,106.0,18.0,418474000.0,1300000.0,20100000.0,700000.0,2018.0,Nov
753,Ã½Ã½Ã½Ã½Ã½Ã½Ã½Ã½Ã½Ã½Ã½Ã½Ã½Ã½Ã½Ã½Ã½Ã½Ã½Ã½Ã½,14400000,600154268.0,Ã½Ã½Ã½Ã½Ã½Ã½Ã½Ã½Ã½Ã½Ã½Ã½Ã½Ã½Ã½Ã½Ã½Ã½Ã½Ã½Ã½,364,South Korea,Entertainment,14.0,151.0,1370000.0,4100.0,65700.0,300000.0,2017.0,Mar
754,Gyan GamingÃ¯Â¿Â½,14400000,2224121890.0,Gyan GamingÃ¯Â¿Â½,3086,India,Games,107.0,52.0,13891000.0,41700.0,666800.0,100000.0,2017.0,Sep
760,Coke Studio,14400000,4035738731.0,Rohail Hyatt,450,United States,Music,962.0,836.0,3557000.0,10700.0,170700.0,10000.0,2008.0,Jun
761,Indore Physical Academy,14400000,4156427797.0,Indore Physical Academy,1838,India,People,107.0,47.0,70409000.0,211200.0,3400000.0,200000.0,2014.0,Apr
765,RS 1313 SHORTS,14400000,8011977288.0,RS 1313 SHORTS,5628,India,Entertainment,108.0,152.0,212639000.0,637900.0,10200000.0,200000.0,2020.0,Oct
768,ZEE5,14400000,18515587421.0,ZEE5,101401,India,Entertainment,108.0,152.0,149799000.0,449400.0,7200000.0,100000.0,2018.0,Feb
769,Super Polina,14300000,4776507159.0,Super Polina,576,United States,Entertainment,158.0,153.0,413774.0,1200.0,19900.0,100000.0,2014.0,Jul
773,SIS vs BRO,14200000,6973932553.0,SiS,60,Ukraine,Entertainment,2460.0,4686.0,105.0,0.32,5.0,10.0,2016.0,Aug
775,TommyInnit,14200000,2084791147.0,TommyInnit,342,United Kingdom,Games,27.0,55.0,54291000.0,162900.0,2600000.0,200000.0,2015.0,Dec
776,E-MasterSensei,14200000,3920559552.0,E-MasterSensei,1300,Mexico,Games,28.0,54.0,44575000.0,133700.0,2100000.0,200000.0,2016.0,Jan
777,infobells - Kannada,14200000,6554000320.0,infobells - Kannada,433,India,Education,110.0,37.0,141688000.0,425100.0,6800000.0,300000.0,2014.0,Mar
780,SEVENGERS,14200000,10238593147.0,SEVENGERS,872,India,Comedy,110.0,33.0,367898000.0,1100000.0,17700000.0,400000.0,2018.0,Jun
781,Zee Bangla,14200000,11428794827.0,Zee Bangla,132398,India,Entertainment,109.0,153.0,59927000.0,179800.0,2900000.0,200000.0,2008.0,Feb
783,Neha Kakkar,14100000,2131548711.0,Neha Kakkar,149,India,Music,110.0,134.0,25605000.0,76800.0,1200000.0,100000.0,2012.0,Oct
786,Trap City,14100000,5129529846.0,TrapCity,3,Australia,People,3671.0,7629.0,147.0,0.44,7.0,1.0,2015.0,Nov
787,Supercar Blondie,14100000,5405563355.0,Supercar Blondie,855,United Arab Emirates,Autos,7.0,1.0,353259000.0,1100000.0,17000000.0,500000.0,2007.0,Sep
788,Yudist Ardhana,14100000,6036496916.0,Yudist Ardhana,2854,Indonesia,Entertainment,27.0,154.0,176062000.0,528200.0,8500000.0,400000.0,2016.0,Jan
789,Lana Del Rey,14100000,6884215292.0,Lana Del Rey,43,United States,Music,160.0,135.0,135563000.0,406700.0,6500000.0,200000.0,2011.0,May
792,Bie The Ska,14100000,4627069704.0,Bie The Ska,1540,Thailand,Entertainment,14.0,155.0,12502000.0,37500.0,600100.0,100000.0,2006.0,Oct
795,TV Ana Emilia,14000000,4674164601.0,TV Ana Emilia,651,Mexico,Entertainment,29.0,156.0,26783000.0,80300.0,1300000.0,100000.0,2014.0,Dec
796,Ã½Ã½Ã½Ã½Ã½Ã½Ã½Ã½Ã½Ã½Ã½Ã½,14000000,7719743112.0,Ã½Ã½Ã½Ã½Ã½Ã½Ã½Ã½Ã½Ã½Ã½Ã½,2210,Russia,Games,12.0,56.0,150570000.0,451700.0,7200000.0,200000.0,2013.0,Oct
797,Luli PampÃ¯Â¿Â½,14000000,8623705301.0,Luli PampÃ¯Â¿Â½,294,Spain,Music,15.0,136.0,201659000.0,605000.0,9700000.0,100000.0,2012.0,Dec
799,ViralHog,14000000,18917687143.0,ViralHog,41117,United States,Animals,159.0,3.0,1364000000.0,4100000.0,65500000.0,1100000.0,2014.0,Aug
800,ETV Jabardasth,14000000,13542939513.0,ETV Jabardasth,9652,India,Comedy,111.0,34.0,133584000.0,400800.0,6400000.0,100000.0,2015.0,Jul
802,Crescendo com Luluca,14000000,5094050461.0,Crescendo com Luluca,1307,Brazil,People,44.0,48.0,68058000.0,204200.0,3300000.0,100000.0,2015.0,Aug
803,Jazzghost,13900000,5673347763.0,Jazzghost,5494,Brazil,Games,46.0,57.0,106718000.0,320200.0,5100000.0,100000.0,2012.0,Aug
804,karameeshchannel,13900000,9106781518.0,karameeshchannel,2254,Jordan,Music,3.0,137.0,87639000.0,262900.0,4200000.0,100000.0,2012.0,Jan
807,T-Series Regional,13900000,5217553897.0,T-Series Regional,15075,India,Music,111.0,136.0,33484000.0,100500.0,1600000.0,100000.0,2011.0,Feb
810,Atlantic Records,13900000,12513842343.0,Atlantic Records,1660,United States,Music,161.0,137.0,97284000.0,291900.0,4700000.0,100000.0,2006.0,Dec
811,Ã½Ã½Ã½Ã½Ã½Ã½Ã½Ã½ Ã½Ã½ Ã½Ã½Ã½Ã½Ã½Ã½Ã½Ã½Ã½Ã½Ã½Ã½,13900000,8451754769.0,Ã½Ã½Ã½Ã½Ã½Ã½Ã½Ã½ Ã½Ã½ Ã½Ã½Ã½Ã½Ã½Ã½Ã½Ã½Ã½Ã½Ã½Ã½,504,United States,People,161.0,50.0,114261000.0,342800.0,5500000.0,200000.0,2018.0,Oct
812,Veritasium,13900000,2165885634.0,Veritasium,369,United States,Education,161.0,38.0,44149000.0,132400.0,2100000.0,200000.0,2010.0,Jul
814,Airrack,13800000,2224911030.0,Airrack,173,United States,Entertainment,161.0,157.0,99654000.0,299000.0,4800000.0,300000.0,2015.0,Jan
815,Hacksmith Industries,13800000,1820559912.0,Hacksmith Industries,887,Canada,Tech,10.0,14.0,83943000.0,251800.0,4000000.0,100000.0,2006.0,Apr
817,Ã½Ã½Ã½Ã½Ã½Ã½Ã½Ã½/Atro,13800000,2480957682.0,Ã½Ã½Ã½Ã½Ã½Ã½Ã½Ã½/Atro,1952,Netherlands,Games,4.0,58.0,55122000.0,165400.0,2600000.0,200000.0,2017.0,Jul
818,123 GO! Spanish,13800000,5019136690.0,123 GO! Spanish,520,Mexico,Howto,30.0,28.0,26519000.0,79600.0,1300000.0,100000.0,2019.0,Mar
819,Geo News,13800000,5727888539.0,Geo News,190093,Pakistan,News,6.0,21.0,100053000.0,300200.0,4800000.0,100000.0,2007.0,Jan
820,Kids TV India Hindi Nursery Rhymes,13800000,6646953396.0,Kids TV India Hindi Nursery Rhymes,1505,India,Education,112.0,38.0,78651000.0,236000.0,3800000.0,100000.0,2014.0,Nov
821,Think Music India,13800000,11039343563.0,Think Music India,4978,India,Music,112.0,137.0,217106000.0,651300.0,10400000.0,200000.0,2009.0,Aug
822,O Que NÃ¯Â¿Â½Ã¯Â¿Â½Ã¯Â¿Â½Ã¯Â¿Â½Ã¯Â¿Â½Ã¯Â¿,13700000,1967930734.0,O Que NÃ¯Â¿Â½Ã¯Â¿Â½Ã¯Â¿Â½Ã¯Â¿Â½Ã¯Â¿Â½Ã¯Â¿,696,Brazil,Entertainment,47.0,159.0,87804000.0,263400.0,4200000.0,200000.0,2015.0,Feb
823,Goldmines Premiere,13700000,1973638757.0,Goldmines Premiere,975,India,Film,113.0,41.0,37648000.0,112900.0,1800000.0,100000.0,2013.0,Oct
825,The Vishal bhatt,13700000,9596430464.0,The Vishal bhatt,1040,India,Comedy,113.0,36.0,379240000.0,1100000.0,18200000.0,600000.0,2021.0,Aug
826,NishaMadhulika,13700000,2939201386.0,NishaMadhulika,2158,India,Howto,113.0,29.0,22235000.0,66700.0,1100000.0,100000.0,2009.0,Aug
830,infobells,13700000,5178142148.0,infobells,495,India,Education,113.0,39.0,23893000.0,71700.0,1100000.0,100000.0,2011.0,Oct
832,Acenix,13600000,2122062016.0,Acenix,368,Spain,Games,16.0,60.0,47436000.0,142300.0,2300000.0,200000.0,2014.0,Jan
833,Zeinab Harake,13600000,896891351.0,Zeinab Harake,273,Philippines,People,9.0,51.0,12088000.0,36300.0,580200.0,100000.0,2017.0,Oct
834,DALLMYD,13600000,1948925559.0,DALLMYD,412,United States,Sports,164.0,11.0,30677000.0,92000.0,1500000.0,100000.0,2011.0,Feb
835,Lindsey Stirling,13600000,3764608356.0,Lindsey Stirling,199,United States,Music,163.0,139.0,15277000.0,45800.0,733300.0,100000.0,2007.0,May
836,JOJO TV - Hindi Stories,13600000,5141201173.0,JOJO TV - Hindi Stories,1097,India,Film,114.0,42.0,10764000.0,32300.0,516700.0,100000.0,2016.0,Dec
837,BBC,13600000,9685060624.0,BBC,16047,United Kingdom,Entertainment,29.0,160.0,44414000.0,133200.0,2100000.0,100000.0,2005.0,Nov
842,JULIA GISELLA,13500000,5380132790.0,Julia Gisella,19,United Kingdom,Music,2492.0,3189.0,1615.0,5.0,78.0,130.0,2015.0,Mar
843,Awakening Music,13500000,5545936485.0,Awakening Music,814,United Kingdom,Music,30.0,140.0,35309000.0,105900.0,1700000.0,100000.0,2006.0,Dec
844,Lady Diana,13500000,8265920659.0,Lady Diana,1403,Ukraine,People,4.0,52.0,75162000.0,225500.0,3600000.0,100000.0,2016.0,Mar
845,Sanjoy Das Official,13500000,3912334359.0,Sanjoy Das Official,1793,India,Games,114.0,60.0,179232000.0,537700.0,8600000.0,400000.0,2015.0,Apr
846,Woody & Kleiny,13500000,11717217293.0,Woody & Kleiny,975,United Kingdom,Entertainment,29.0,160.0,495561000.0,1500000.0,23800000.0,400000.0,2013.0,Mar
847,Vijay Kumar Viner Vlogs,13500000,7958771872.0,Vijay Kumar Viner Vlogs,1357,India,Entertainment,116.0,162.0,109813000.0,329400.0,5300000.0,300000.0,2019.0,Mar
849,Wengie,13500000,1900272833.0,Wengie,462,United States,Howto,165.0,30.0,1335000.0,4000.0,64100.0,100000.0,2010.0,Sep
850,Vlad y Niki Show,13400000,4622628957.0,Vlad y Niki Show,477,United States,Entertainment,166.0,162.0,92228000.0,276700.0,4400000.0,200000.0,2018.0,Nov
851,Codiscos,13400000,11789678655.0,Codiscos,7356,Colombia,Music,9.0,140.0,228902000.0,686700.0,11000000.0,100000.0,2007.0,Feb
853,Vibhu 96,13400000,20563378.0,Vibhu 96,256,India,Education,114.0,40.0,20264000.0,60800.0,972700.0,300000.0,2022.0,Jun
858,GMA Integrated News,13400000,9569814790.0,GMA Integrated News,296272,Philippines,News,10.0,22.0,115459000.0,346400.0,5500000.0,100000.0,2007.0,Oct
859,Peet Montzingo,13400000,10022557589.0,Peet Montzingo,319,United States,People,165.0,52.0,397715000.0,1200000.0,19100000.0,500000.0,2014.0,Jun
860,The Q,13400000,4306212515.0,Tom Duggan,96,United States,Sports,7615.0,4466.0,3.0,0.01,0.14,1.0,2006.0,Jan
861,Trakin Tech,13300000,2262690743.0,Trakin Tech,3640,India,Tech,116.0,16.0,43669000.0,131000.0,2100000.0,100000.0,2011.0,Nov
866,Vogue,13300000,4177184071.0,Vogue,3166,United States,People,167.0,54.0,45095000.0,135300.0,2200000.0,100000.0,2008.0,Jun
867,Ã½Ã½Ã½Ã½Ã½Ã½Ã½Ã½Ã½Ã½Ã½Ã½Ã½Ã½Ã½Ã½Ã½Ã½,13300000,6482687220.0,Ã½Ã½Ã½Ã½Ã½Ã½Ã½Ã½Ã½Ã½Ã½Ã½Ã½Ã½Ã½Ã½Ã½Ã½,608,Russia,Entertainment,13.0,163.0,90241000.0,270700.0,4300000.0,100000.0,2015.0,Oct
868,Kids LineÃ¯Â¿Â½Ã¯Â¿Â½Ã¯Â¿Â½Ã¯Â¿Â½Ã¯Â¿Â½Ã¯Â¿Â½Ã¯Â¿Â½,13300000,9088562002.0,Kids LineÃ¯Â¿Â½Ã¯Â¿Â½Ã¯Â¿Â½Ã¯Â¿Â½Ã¯Â¿Â½Ã¯Â¿Â½Ã¯Â¿Â½,2742,United States,Education,166.0,41.0,161889000.0,485700.0,7800000.0,100000.0,2011.0,Nov
870,penguinz0,13300000,7773543609.0,penguinz0,4613,United States,Entertainment,166.0,162.0,188948000.0,566800.0,9100000.0,200000.0,2007.0,May
871,Just For Laughs Gags,13300000,7406628736.0,Just For Laughs Gags,6916,United States,Comedy,167.0,38.0,17468000.0,52400.0,838500.0,100000.0,2007.0,Jan
873,BanderitaX,13300000,4129249415.0,BanderitaX,1640,Saudi Arabia,Games,7.0,63.0,70712000.0,212100.0,3400000.0,200000.0,2013.0,Aug
874,AzzyLand,13300000,6412313570.0,AzzyLand,1749,Canada,Entertainment,12.0,163.0,5387000.0,16200.0,258600.0,100000.0,2015.0,May
875,HUBAÃ¯Â¿Â½Ã¯Â¿Â½,13200000,9884886099.0,HUBAÃ¯Â¿Â½Ã¯Â¿Â½,538,United States,Entertainment,167.0,163.0,319647000.0,958900.0,15300000.0,500000.0,2021.0,Feb
876,BIBO Ã¯Â¿Â½Ã¯Â¿Â½Ã¯Â¿Â½Ã¯Â¿Â½Ã¯Â¿Â½Ã¯Â¿,13200000,1148422000.0,BIBO Ã¯Â¿Â½Ã¯Â¿Â½Ã¯Â¿Â½Ã¯Â¿Â½Ã¯Â¿Â½Ã¯Â¿,192,Russia,Entertainment,13.0,163.0,8769000.0,26300.0,420900.0,200000.0,2019.0,Jan
880,Vilmei,13200000,4205664894.0,Vilmei,1324,Indonesia,People,30.0,55.0,264308000.0,792900.0,12700000.0,800000.0,2013.0,Sep
881,MC Divertida,13200000,5224764969.0,MC Divertida,413,Brazil,Entertainment,49.0,164.0,64517000.0,193600.0,3100000.0,100000.0,2018.0,Jan
882,The Infographics Show,13200000,5263540904.0,The Infographics Show,4279,United States,Education,168.0,42.0,51820000.0,155500.0,2500000.0,100000.0,2011.0,Feb
884,Ã½Ã½Ã½Ã½Ã½Ã½TwinsFromRussia,13200000,9378175604.0,Ã½Ã½Ã½Ã½Ã½Ã½TwinsFromRussia,6888,United States,People,168.0,55.0,119389000.0,358200.0,5700000.0,300000.0,2011.0,May
885,Technology Gyan,13200000,1138262456.0,Technology Gyan,1022,India,Tech,118.0,17.0,18518000.0,55600.0,888900.0,100000.0,2015.0,Nov
887,Ryan Trahan,13100000,2182651464.0,Ryan Trahan,33,United States,People,7683.0,7670.0,248.0,0.74,12.0,1.0,2022.0,Jun
889,WiederDude,13100000,2733682792.0,WiederDude,289,United States,Games,169.0,65.0,56894000.0,170700.0,2700000.0,100000.0,2016.0,Jun
891,Lokdhun Punjabi,13100000,4712624489.0,Lokdhun Punjabi,1262,India,Music,119.0,143.0,34438000.0,103300.0,1700000.0,100000.0,2010.0,Dec
893,Painzeiro,13100000,2555801802.0,Painzeiro,1077,Brazil,People,50.0,56.0,43990000.0,132000.0,2100000.0,100000.0,2015.0,Nov
894,Peppa Pig em PortuguÃ¯Â¿Â½Ã¯Â¿Â½Ã¯Â¿Â½Ã¯Â¿Â½Ã¯Â¿Â½Ã¯Â¿Â½Ã¯Â¿Â½Ã¯Â¿Â½Ã¯Â¿,13100000,4214172991.0,Peppa Pig em PortuguÃ¯Â¿Â½Ã¯Â¿Â½Ã¯Â¿Â½Ã¯Â¿Â½Ã¯Â¿Â½Ã¯Â¿Â½Ã¯Â¿Â½Ã¯Â¿Â½Ã¯Â¿Â½,1365,Brazil,Film,49.0,43.0,27340000.0,82000.0,1300000.0,100000.0,2014.0,May
895,Ã½Ã½Ã½Ã½Ã½Ã½Ã½Ã½Ã½Ã½Ã½Ã½Ã½Ã½Ã½ Ms Yeah,13100000,4399833602.0,Ã½Ã½Ã½Ã½Ã½Ã½Ã½Ã½Ã½Ã½Ã½Ã½Ã½Ã½Ã½ Ms Yeah,435,United States,Howto,169.0,34.0,60661000.0,182000.0,2900000.0,100000.0,2017.0,Feb
897,RaptorGamer,13100000,2879263916.0,RaptorGamer,1444,Ecuador,Games,2.0,65.0,62909000.0,188700.0,3000000.0,300000.0,2016.0,Jul
900,DJ Khaled,13100000,6637820731.0,DjKhaled,12,Samoa,Music,81.0,5659.0,379.0,1.0,18.0,3.0,2006.0,May
901,Davie504,13000000,2683297849.0,Davie504,838,Italy,Entertainment,2.0,166.0,29870000.0,89600.0,1400000.0,100000.0,2011.0,May
904,Lofi Girl,13000000,1698279553.0,Lofi Girl,409,France,Music,3.0,143.0,30471000.0,91400.0,1500000.0,100000.0,2015.0,Mar
906,GH'S,13000000,8739174649.0,GH'S,510,South Korea,Games,15.0,65.0,1081000000.0,3200000.0,51900000.0,1000000.0,2020.0,Jul
908,Wolfoo Channel,13000000,301547793.0,Wolfoo Channel,22,Pakistan,People,3926.0,7638.0,590.0,2.0,28.0,8.0,2021.0,Aug
909,Susy Mouriz,13000000,6270909026.0,Susy Mouriz,1299,Mexico,Entertainment,31.0,165.0,368437000.0,1100000.0,17700000.0,600000.0,2017.0,Mar
912,Pastor AntÃ¯Â¿Â½Ã¯Â¿Â½Ã¯Â¿Â½Ã¯Â¿Â½Ã¯,12900000,2112274210.0,Pastor AntÃ¯Â¿Â½Ã¯Â¿Â½Ã¯Â¿Â½Ã¯Â¿Â½Ã¯,4712,Brazil,People,52.0,58.0,31796000.0,95400.0,1500000.0,100000.0,2013.0,Jan
914,gymvirtual,12900000,2509752944.0,gymvirtual,1572,Spain,Sports,17.0,12.0,11993000.0,36000.0,575700.0,100000.0,2010.0,Nov
916,Top Viral Talent,12900000,3643698504.0,Top Viral Talent,1598,United States,Entertainment,171.0,167.0,29379000.0,88100.0,1400000.0,100000.0,2014.0,Jan
917,Akon,12900000,6300933122.0,Akon,39,United States,Music,171.0,145.0,91240000.0,273700.0,4400000.0,100000.0,2005.0,Nov
918,AlArabiya Ã¯Â¿Â½Ã¯Â¿Â½Ã¯Â¿Â½Ã¯Â¿Â½Ã¯Â¿,12900000,7520379951.0,AlArabiya Ã¯Â¿Â½Ã¯Â¿Â½Ã¯Â¿Â½Ã¯Â¿Â½Ã¯Â¿,169304,United Arab Emirates,News,8.0,23.0,80219000.0,240700.0,3900000.0,100000.0,2006.0,Sep
920,EnriqueIglesiasVEVO,12900000,15446707595.0,EnriqueIglesiasVEVO,137,United States,Music,171.0,145.0,75773000.0,227300.0,3600000.0,100000.0,2009.0,May
921,Ã½Ã½Ã½Ã½Ã½Ã½Ã½Ã½ Ã½Ã½Ã½Ã½ Ã½Ã½Ã½Ã½Ã½Ã½Ã½Ã½Ã½Ã½Ã½Ã½Ã½Ã½,12900000,5585085130.0,Ã½Ã½Ã½Ã½Ã½Ã½Ã½Ã½ Ã½Ã½Ã½Ã½ Ã½Ã½Ã½Ã½Ã½Ã½Ã½Ã½Ã½Ã½Ã½Ã½Ã½Ã½,1255,Ukraine,Entertainment,6.0,166.0,71118000.0,213400.0,3400000.0,200000.0,2014.0,Jul
925,Duo Tiempo De Sol,12800000,6662288136.0,Duo Tiempo De Sol,323,Spain,Education,17.0,44.0,53988000.0,162000.0,2600000.0,100000.0,2013.0,Mar
928,Adam W,12800000,9502983550.0,Adam W,681,United States,Comedy,171.0,39.0,228951000.0,686900.0,11000000.0,200000.0,2015.0,Oct
929,Right to Shiksha,12800000,7876740921.0,Right to Shiksha,2044,India,Education,120.0,45.0,213738000.0,641200.0,10300000.0,300000.0,2020.0,Apr
931,FACT FIRE KING,12700000,1159290255.0,FACT FIRE KING,782,India,Games,120.0,66.0,51291000.0,153900.0,2500000.0,500000.0,2020.0,Jul
933,Franco Escamilla,12700000,4266957149.0,Franco Escamilla,2483,Mexico,Comedy,32.0,41.0,77482000.0,232400.0,3700000.0,100000.0,2007.0,Oct
935,Diana and Roma IND,12700000,5567832210.0,Diana and Roma IND,534,United States,Entertainment,173.0,169.0,46602000.0,139800.0,2200000.0,100000.0,2019.0,Nov
937,Future,12700000,9927699419.0,Future AMV's,119,United States,Film,1944.0,1473.0,472367.0,1400.0,22700.0,1000.0,2020.0,Nov
938,YoungBoy Never Broke Again,12700000,13174393401.0,YoungBoy Never Broke Again,142,United States,Music,173.0,147.0,169968000.0,509900.0,8200000.0,100000.0,2015.0,Jan
939,Blossom,12700000,4733873025.0,Blossom,812,United States,Howto,173.0,36.0,43868000.0,131600.0,2100000.0,100000.0,2017.0,Jun
943,Go Ami Go!,12700000,1714955279.0,Go Ami Go!,252,Colombia,People,11.0,57.0,327600000.0,982800.0,15700000.0,1500000.0,2015.0,Dec
944,Morgz,12600000,3303595310.0,Morgz,825,United Kingdom,Entertainment,32.0,170.0,58838000.0,176500.0,2800000.0,100000.0,2014.0,Jun
945,CaseyNeistat,12600000,3152402405.0,CaseyNeistat,1101,United States,People,174.0,61.0,5952000.0,17900.0,285700.0,100000.0,2010.0,Feb
946,Ã½Ã½Ã½Ã½Ã½Ã½Ã½Ã½Ã½SULGI,12600000,3485373675.0,Ã½Ã½Ã½Ã½Ã½Ã½Ã½Ã½Ã½SULGI,683,South Korea,People,17.0,61.0,113132000.0,339400.0,5400000.0,300000.0,2012.0,Nov
956,First We Feast,12500000,2983799729.0,First We Feast,1076,United States,Entertainment,175.0,171.0,111252000.0,333800.0,5300000.0,200000.0,2014.0,Feb
961,NDTV,12500000,4935793409.0,NDTV,151136,India,News,123.0,24.0,58527000.0,175600.0,2800000.0,100000.0,2006.0,May
962,elcarteldesantatv,12500000,7489455451.0,elcarteldesantatv,377,Mexico,Entertainment,33.0,171.0,115881000.0,347600.0,5600000.0,100000.0,2008.0,Nov
963,Family Fitness,12500000,10384848759.0,Family Fitness,1699,India,Entertainment,123.0,171.0,235715000.0,707100.0,11300000.0,400000.0,2017.0,Jan
964,Zee Tamil,12500000,11552190002.0,Zee Tamil,102699,India,Entertainment,123.0,171.0,349940000.0,1000000.0,16800000.0,200000.0,2008.0,Aug
965,Flowers Comedy,12500000,11691081301.0,Flowers Comedy,11907,India,Entertainment,122.0,170.0,180021000.0,540100.0,8600000.0,100000.0,2015.0,Aug
966,Mundo Bita,12500000,16690788752.0,Mundo Bita,253,Brazil,Music,54.0,149.0,213700000.0,641100.0,10300000.0,100000.0,2011.0,Sep
971,_vector_,12400000,7597013023.0,_vector_,398,United States,Comedy,176.0,43.0,903672000.0,2700000.0,43400000.0,1200000.0,2019.0,Mar
972,DEV Ke Facts,12400000,1971226335.0,DEV Ke Facts,218,India,Education,124.0,47.0,273670000.0,821000.0,13100000.0,600000.0,2012.0,Sep
978,Timba Vk,12400000,2840137980.0,Timba Vk,1024,Spain,Games,19.0,68.0,24022000.0,72100.0,1200000.0,100000.0,2012.0,Jun
980,DaniRep | +6 VÃ¯Â¿Â½Ã¯Â¿Â½Ã¯Â¿Â½Ã¯Â¿Â½Ã¯Â¿Â½Ã¯Â¿Â½Ã¯Â¿Â½Ã¯Â¿Â½Ã¯Â¿Â½Ã¯Â¿Â½Ã¯,12400000,6933660906.0,DaniRep | +6 VÃ¯Â¿Â½Ã¯Â¿Â½Ã¯Â¿Â½Ã¯Â¿Â½Ã¯Â¿Â½Ã¯Â¿Â½Ã¯Â¿Â½Ã¯Â¿Â½Ã¯Â¿Â½Ã¯Â¿Â½Ã¯,12419,Spain,Games,19.0,68.0,82648000.0,247900.0,4000000.0,100000.0,2012.0,Oct
981,Zee Kids,12400000,7683670251.0,Zee Kids,1212,India,Entertainment,124.0,172.0,95163000.0,285500.0,4600000.0,100000.0,2012.0,Jul
985,bharatzkitchen HINDI,12400000,2315226648.0,bharatzkitchen HINDI,729,India,Howto,124.0,38.0,30968000.0,92900.0,1500000.0,100000.0,2016.0,Aug
989,Caylus,12400000,4779139505.0,Caylus,1340,United States,Games,175.0,68.0,177600000.0,532800.0,8500000.0,400000.0,2016.0,Apr
990,Migos ATL,12400000,6993406259.0,Migos ATL,99,United States,Entertainment,175.0,171.0,49412000.0,148200.0,2400000.0,100000.0,2012.0,Jan
991,Natan por AÃ¯Â¿,12300000,9029609749.0,Natan por AÃ¯Â¿,1200,Brazil,Entertainment,55.0,172.0,552513000.0,1700000.0,26500000.0,700000.0,2017.0,Feb
992,Free Fire India Official,12300000,1674409945.0,Free Fire India Official,1500,India,Games,125.0,69.0,64735000.0,194200.0,3100000.0,300000.0,2018.0,Sep
993,Panda,12300000,2214684303.0,HybridPanda,2452,United Kingdom,Games,867.0,1202.0,67035.0,201.0,3200.0,1000.0,2006.0,Sep
994,RobTopGames,12300000,374123483.0,RobTopGames,39,Sweden,Games,4.0,69.0,3871000.0,11600.0,185800.0,100000.0,2012.0,May
995,Make Joke Of,12300000,2129773714.0,Make Joke Of,62,India,Comedy,125.0,44.0,24000000.0,72000.0,1200000.0,100000.0,2017.0,Aug
